province_industry,hubs,authority
北京农业,4.695817056478403e-07,4.695817062059843e-07
北京煤炭开采,8.957030617765379e-08,8.95703063279588e-08
北京石油天然气,8.580105606594863e-08,8.580105620896671e-08
北京黑色金属采选,1.9863610966544605e-07,1.9863611000644696e-07
北京有色金属采选,0.0,0.0
北京非金属矿采选,5.072338764718324e-09,5.072338773188878e-09
北京食品加工,6.83074496369546e-07,6.830744976741992e-07
北京食品制造,1.1495246842082603e-06,1.1495246862211105e-06
北京饮料制造,8.091252866474662e-07,8.091252880224058e-07
北京烟草制品,7.747189849448294e-08,7.747189864866926e-08
北京纺织业,2.0502992672636846e-08,2.0502992710246297e-08
北京纺织服装服饰,3.3468724107896135e-07,3.346872416015191e-07
北京皮革制品,2.353191604294607e-08,2.3531916087909845e-08
北京木材加工,3.833921574013014e-08,3.8339215813225e-08
北京家具,2.338832011503712e-07,2.3388320160034645e-07
北京造纸和纸制品,2.3736726155477254e-07,2.3736726192587e-07
北京印刷复制品,2.675280315650239e-07,2.6752803205991654e-07
北京文教体育用品,4.255153286956043e-07,4.2551532951058406e-07
北京石油炼焦,8.974683296296345e-07,8.974683310796495e-07
北京化学制品,8.806788030575488e-07,8.806788045261513e-07
北京医药制品,4.1053759376254914e-06,4.105375944308262e-06
北京化学纤维制品,7.415570674854051e-09,7.415570687512299e-09
北京橡胶塑料,3.066066856562096e-07,3.0660668613616575e-07
北京非金属矿物,1.4322520520967531e-06,1.4322520546147608e-06
北京黑色金属,2.3510793313872784e-07,2.3510793355873328e-07
北京有色金属,1.2691140918195114e-07,1.2691140941418796e-07
北京金属制品,9.074282025412095e-07,9.074282040741041e-07
北京普通机械设备,2.441608618712073e-06,2.4416086242267863e-06
北京专用机械设备,2.6255667023729563e-06,2.625566708015248e-06
北京交通运输,9.462164408052502e-06,9.462164424562622e-06
北京电气机械,2.9172912964106507e-06,2.91729130376545e-06
北京电子通信,3.580160903568431e-05,3.58016091569647e-05
北京仪器仪表,2.052268439409833e-06,2.052268445387058e-06
北京其他制造产品,3.1721916121216784e-07,3.172191618681986e-07
北京废弃资源回收加工,1.8711059387085904e-08,1.8711059421477848e-08
北京电热生产供应,1.8928187582788115e-05,1.892818761775861e-05
北京燃气生产供应,8.684546718745772e-07,8.684546732964293e-07
北京水的生产供应,7.496565151366265e-07,7.496565162030862e-07
北京建筑业,3.284609503705277e-05,3.284609509217004e-05
北京批发零售,2.9744389125643283e-05,2.9744389167136283e-05
北京运输邮政,2.0748381344854906e-05,2.0748381379255706e-05
北京住宿餐饮,2.727159868594621e-06,2.727159873289144e-06
北京金融,6.31750515734475e-05,6.317505166905023e-05
北京房地产,1.5744815001272772e-05,1.574481502695163e-05
北京其他第三产业,0.00018354468084521756,0.00018354468119150896
天津农业,4.792150445433759e-07,4.792150450072328e-07
天津煤炭开采,1.9036370430391716e-08,1.9036370458453073e-08
天津石油天然气,9.679238517791196e-07,9.679238531369446e-07
天津黑色金属采选,1.251868541491069e-07,1.251868543261024e-07
天津有色金属采选,0.0,0.0
天津非金属矿采选,5.534138881372879e-08,5.534138888852153e-08
天津食品加工,9.726524654006977e-07,9.726524670167465e-07
天津食品制造,2.8857340539390067e-06,2.8857340583728222e-06
天津饮料制造,4.3145018041712644e-07,4.314501810811768e-07
天津烟草制品,4.398895815195624e-08,4.398895823192922e-08
天津纺织业,7.374377690499121e-08,7.374377702403772e-08
天津纺织服装服饰,6.737598648708101e-07,6.737598657879855e-07
天津皮革制品,2.056939932430126e-07,2.0569399357206852e-07
天津木材加工,3.7815373242976465e-08,3.781537330240083e-08
天津家具,2.616964897513775e-07,2.6169649017437687e-07
天津造纸和纸制品,6.568533947705901e-07,6.568533956187136e-07
天津印刷复制品,2.619043083534946e-07,2.619043086929101e-07
天津文教体育用品,1.1264015690775476e-06,1.1264015710174707e-06
天津石油炼焦,2.13884788352165e-06,2.1388478861872206e-06
天津化学制品,4.535441364666727e-06,4.535441370302817e-06
天津医药制品,1.5661106087700168e-06,1.5661106107410957e-06
天津化学纤维制品,1.106846174685168e-08,1.1068461760707186e-08
天津橡胶塑料,2.439885244222543e-06,2.4398852472384314e-06
天津非金属矿物,8.944627330955126e-07,8.944627344149305e-07
天津黑色金属,7.962398937588987e-06,7.962398949349794e-06
天津有色金属,1.946082519360055e-06,1.9460825224039684e-06
天津金属制品,5.049396199971431e-06,5.0493962069620485e-06
天津普通机械设备,5.585161567386316e-06,5.585161578766811e-06
天津专用机械设备,4.251611645363847e-06,4.2516116534877604e-06
天津交通运输,4.187137436721563e-05,4.18713744231813e-05
天津电气机械,4.863502420294199e-06,4.863502431639201e-06
天津电子通信,2.225699623950974e-05,2.225699632878035e-05
天津仪器仪表,3.6974661072430123e-07,3.6974661184650633e-07
天津其他制造产品,5.234717724821954e-07,5.234717733578698e-07
天津废弃资源回收加工,7.106229868860596e-07,7.106229880087149e-07
天津电热生产供应,1.809295780278198e-06,1.8092957827539139e-06
天津燃气生产供应,1.6936322188911443e-07,1.693632220991048e-07
天津水的生产供应,2.0881163693364162e-07,2.0881163715632214e-07
天津建筑业,9.915814367618824e-06,9.915814383073612e-06
天津批发零售,1.0610609557457864e-05,1.0610609570331113e-05
天津运输邮政,7.527304802771719e-06,7.5273048129930835e-06
天津住宿餐饮,1.2682269360641027e-06,1.268226937787012e-06
天津金融,9.949169900901825e-06,9.949169913664148e-06
天津房地产,2.5890473168551744e-06,2.5890473203031715e-06
天津其他第三产业,3.3775840017312004e-05,3.3775840076557296e-05
河北农业,3.247397075136475e-05,3.2473970789863427e-05
河北煤炭开采,6.181221362947123e-06,6.181221373116165e-06
河北石油天然气,6.866319061244062e-07,6.86631907218121e-07
河北黑色金属采选,8.652225865060653e-06,8.65222587903808e-06
河北有色金属采选,3.4401620134146144e-07,3.440162018955007e-07
河北非金属矿采选,1.6318242190101956e-06,1.6318242215463884e-06
河北食品加工,1.5049429446216489e-05,1.5049429469413299e-05
河北食品制造,8.859031207909066e-06,8.859031222212252e-06
河北饮料制造,4.039056589423582e-06,4.039056596235674e-06
河北烟草制品,4.882001588302227e-07,4.882001598573624e-07
河北纺织业,1.1259245717839163e-05,1.1259245734359407e-05
河北纺织服装服饰,3.5996545951437285e-06,3.5996546003680905e-06
河北皮革制品,1.1511119520445158e-05,1.1511119538937221e-05
河北木材加工,2.2145450951921722e-06,2.214545098914867e-06
河北家具,2.6586030772113617e-06,2.65860308182276e-06
河北造纸和纸制品,4.802566691326014e-06,4.8025666982478246e-06
河北印刷复制品,2.5135972816285105e-06,2.513597285663068e-06
河北文教体育用品,3.1313488313229616e-06,3.1313488364040937e-06
河北石油炼焦,7.277480738122801e-06,7.277480749139791e-06
河北化学制品,3.157441581339975e-05,3.157441585533087e-05
河北医药制品,7.168150866877515e-06,7.168150878214863e-06
河北化学纤维制品,2.4357284744816543e-06,2.435728477730335e-06
河北橡胶塑料,1.943302754146307e-05,1.9433027566977528e-05
河北非金属矿物,1.7690795706795303e-05,1.7690795735811304e-05
河北黑色金属,8.481601440506042e-05,8.481601453688554e-05
河北有色金属,2.614858479012973e-06,2.6148584834788633e-06
河北金属制品,4.371224485763525e-05,4.3712244921441524e-05
河北普通机械设备,1.8705561401971868e-05,1.8705561434984042e-05
河北专用机械设备,1.79862312855366e-05,1.7986231316146193e-05
河北交通运输,2.955667565282168e-05,2.955667570001685e-05
河北电气机械,2.3354793657912418e-05,2.3354793705248722e-05
河北电子通信,6.933011266916243e-06,6.9330112838537236e-06
河北仪器仪表,1.045647128668101e-06,1.0456471308147704e-06
河北其他制造产品,8.947569686251737e-07,8.94756970064479e-07
河北废弃资源回收加工,6.25409544329956e-07,6.254095453130072e-07
河北电热生产供应,1.559829091984557e-05,1.5598290950203788e-05
河北燃气生产供应,5.512801831517961e-07,5.512801840572369e-07
河北水的生产供应,6.18074470386076e-07,6.180744711916824e-07
河北建筑业,0.00011441134943359743,0.00011441134962538207
河北批发零售,3.7605687412721035e-05,3.7605687462790135e-05
河北运输邮政,6.272029505952404e-05,6.272029516129445e-05
河北住宿餐饮,6.224634581570872e-06,6.224634591406354e-06
河北金融,2.711759884097505e-05,2.7117598880873896e-05
河北房地产,1.3360358061170814e-05,1.3360358083282578e-05
河北其他第三产业,9.705586703032283e-05,9.705586719423149e-05
山西农业,1.794982713684025e-06,1.7949827153949218e-06
山西煤炭开采,8.672967363224653e-06,8.672967374950728e-06
山西石油天然气,5.014121822522559e-08,5.014121831112899e-08
山西黑色金属采选,4.4961309923086205e-06,4.496130996814609e-06
山西有色金属采选,3.119409787466431e-08,3.119409792904474e-08
山西非金属矿采选,4.438948411275431e-09,4.438948418588338e-09
山西食品加工,3.4470032573953676e-07,3.4470032633244024e-07
山西食品制造,1.76537291074098e-07,1.7653729139871854e-07
山西饮料制造,1.9183893244916314e-07,1.9183893279109017e-07
山西烟草制品,3.228225180584613e-08,3.228225186880279e-08
山西纺织业,2.959505830488198e-08,2.9595058356103722e-08
山西纺织服装服饰,2.9548119498492918e-08,2.9548119538429158e-08
山西皮革制品,1.7856037578828386e-09,1.785603761229222e-09
山西木材加工,1.89570235997755e-08,1.8957023633731787e-08
山西家具,6.147246977529611e-09,6.147246989361951e-09
山西造纸和纸制品,3.731200809048958e-08,3.7312008137836864e-08
山西印刷复制品,2.3307589231311106e-08,2.330758926644094e-08
山西文教体育用品,1.5184960755246466e-08,1.518496078479293e-08
山西石油炼焦,1.6762557833342682e-06,1.6762557852559714e-06
山西化学制品,1.0329149618431396e-06,1.0329149633157722e-06
山西医药制品,3.689387348930942e-07,3.689387354699346e-07
山西化学纤维制品,0.0,0.0
山西橡胶塑料,1.1508771332949454e-07,1.1508771348470892e-07
山西非金属矿物,6.965259535674135e-07,6.965259546060919e-07
山西黑色金属,6.596644992621554e-06,6.596645000205993e-06
山西有色金属,1.2153027355867792e-06,1.2153027377785922e-06
山西金属制品,2.6214707028408613e-07,2.6214707066444686e-07
山西普通机械设备,3.0652861614651583e-07,3.0652861691436306e-07
山西专用机械设备,3.773462568062429e-07,3.7734625772772407e-07
山西交通运输,7.765594469883167e-07,7.765594485414768e-07
山西电气机械,3.69808063407636e-07,3.6980806438927937e-07
山西电子通信,5.298765526132093e-06,5.298765549238258e-06
山西仪器仪表,7.046174886027763e-08,7.046174910248867e-08
山西其他制造产品,1.784296114812307e-08,1.78429611817099e-08
山西废弃资源回收加工,7.908650619896567e-09,7.908650630529732e-09
山西电热生产供应,3.650684801544563e-06,3.650684806413726e-06
山西燃气生产供应,1.6343574997155362e-07,1.6343575018072682e-07
山西水的生产供应,7.903987958871094e-08,7.903987966730874e-08
山西建筑业,9.354401860661754e-06,9.354401877648417e-06
山西批发零售,5.362003105221737e-06,5.362003111304301e-06
山西运输邮政,7.423521542838649e-06,7.423521554578384e-06
山西住宿餐饮,1.2009158213383292e-06,1.2009158232609706e-06
山西金融,6.6193435222722554e-06,6.619343531298196e-06
山西房地产,2.159529510087945e-06,2.1595295135016795e-06
山西其他第三产业,1.7712605087765326e-05,1.7712605122167864e-05
内蒙古农业,4.658789076200638e-06,4.658789080395366e-06
内蒙古煤炭开采,5.88419024971429e-06,5.884190258428287e-06
内蒙古石油天然气,8.558339509435262e-07,8.558339524179064e-07
内蒙古黑色金属采选,9.439956248104304e-06,9.439956257712709e-06
内蒙古有色金属采选,7.925459173520503e-07,7.925459187973992e-07
内蒙古非金属矿采选,5.852731524048256e-07,5.852731534235245e-07
内蒙古食品加工,2.394178888200766e-06,2.394178892183434e-06
内蒙古食品制造,1.1265131309155068e-06,1.1265131328843032e-06
内蒙古饮料制造,5.18276648335478e-07,5.182766492718527e-07
内蒙古烟草制品,7.679860035418646e-08,7.679860053099727e-08
内蒙古纺织业,4.072969121674151e-07,4.072969128686786e-07
内蒙古纺织服装服饰,1.4909884454648702e-07,1.4909884474906702e-07
内蒙古皮革制品,3.820474902557185e-08,3.820474909997872e-08
内蒙古木材加工,3.878695108884639e-07,3.8786951161388307e-07
内蒙古家具,3.59013085593037e-08,3.590130863201787e-08
内蒙古造纸和纸制品,2.4806848029211505e-07,2.4806848060589147e-07
内蒙古印刷复制品,3.714178751417128e-08,3.7141787572255854e-08
内蒙古文教体育用品,7.571068602951289e-08,7.57106861646046e-08
内蒙古石油炼焦,1.3518548538171087e-06,1.351854855440705e-06
内蒙古化学制品,3.131055721705271e-06,3.1310557263571727e-06
内蒙古医药制品,6.537895457700447e-07,6.537895467750767e-07
内蒙古化学纤维制品,1.1008960644898229e-09,1.1008960661471359e-09
内蒙古橡胶塑料,5.284129999537196e-07,5.284130006442334e-07
内蒙古非金属矿物,1.462249551724355e-06,1.4622495541856041e-06
内蒙古黑色金属,4.812002957361105e-06,4.812002963264116e-06
内蒙古有色金属,5.091435951891866e-06,5.091435961533153e-06
内蒙古金属制品,8.253842622241694e-07,8.253842635249367e-07
内蒙古普通机械设备,4.653143458444818e-07,4.6531434671603334e-07
内蒙古专用机械设备,3.480503531827743e-07,3.480503538397019e-07
内蒙古交通运输,1.72974285409681e-07,1.7297428575258062e-07
内蒙古电气机械,6.480889653442139e-07,6.480889666340182e-07
内蒙古电子通信,8.986950845296124e-08,8.986950869033755e-08
内蒙古仪器仪表,1.4571424438828503e-08,1.4571424465444503e-08
内蒙古其他制造产品,3.4691287706724426e-08,3.469128776335679e-08
内蒙古废弃资源回收加工,7.558650217546319e-08,7.558650227157058e-08
内蒙古电热生产供应,5.54148899112539e-06,5.54148899949915e-06
内蒙古燃气生产供应,7.151149404689353e-07,7.151149413354787e-07
内蒙古水的生产供应,1.8492341063040986e-07,1.8492341079684566e-07
内蒙古建筑业,1.0436890729819096e-05,1.0436890749560578e-05
内蒙古批发零售,7.666154566984834e-06,7.666154574325473e-06
内蒙古运输邮政,5.599770735553958e-06,5.5997707445381386e-06
内蒙古住宿餐饮,2.313695066826912e-06,2.313695070430719e-06
内蒙古金融,4.503363778032e-06,4.503363783859781e-06
内蒙古房地产,9.657899628731854e-07,9.657899643668823e-07
内蒙古其他第三产业,1.1473510470183664e-05,1.1473510488989876e-05
辽宁农业,1.1917535031687999e-05,1.1917535044938432e-05
辽宁煤炭开采,7.743649030039253e-07,7.743649045639698e-07
辽宁石油天然气,4.895773305561288e-07,4.895773315209136e-07
辽宁黑色金属采选,1.3948510838838351e-06,1.3948510856099722e-06
辽宁有色金属采选,2.2784126066416883e-07,2.2784126110824457e-07
辽宁非金属矿采选,4.153958353092283e-07,4.153958361047113e-07
辽宁食品加工,5.258672671553432e-06,5.258672681956675e-06
辽宁食品制造,1.0513842507127169e-06,1.0513842529444356e-06
辽宁饮料制造,8.41651756171517e-07,8.416517579752893e-07
辽宁烟草制品,1.3659585375842794e-07,1.365958541144031e-07
辽宁纺织业,1.9455463066584333e-07,1.945546310822412e-07
辽宁纺织服装服饰,5.179914420221898e-07,5.179914430193254e-07
辽宁皮革制品,1.755536522595373e-07,1.7555365268148017e-07
辽宁木材加工,3.0747606847925037e-07,3.074760691794124e-07
辽宁家具,3.1930285223586885e-07,3.193028530188602e-07
辽宁造纸和纸制品,5.178280585793231e-07,5.178280594303967e-07
辽宁印刷复制品,6.861753607070426e-08,6.861753622055028e-08
辽宁文教体育用品,9.393554476480484e-08,9.393554495576339e-08
辽宁石油炼焦,8.034097383681756e-06,8.034097397233031e-06
辽宁化学制品,6.631606176323124e-06,6.631606187400532e-06
辽宁医药制品,1.7551145292777093e-06,1.7551145328312088e-06
辽宁化学纤维制品,1.0958383593724568e-07,1.095838361239663e-07
辽宁橡胶塑料,2.60431760010577e-06,2.604317604163697e-06
辽宁非金属矿物,2.8369424244586205e-06,2.836942430280479e-06
辽宁黑色金属,7.84732303128995e-06,7.847323044649573e-06
辽宁有色金属,1.459579634910479e-06,1.4595796378857552e-06
辽宁金属制品,2.27921804376369e-06,2.2792180479005435e-06
辽宁普通机械设备,7.172436881128103e-06,7.172436895588044e-06
辽宁专用机械设备,3.5103904499589475e-06,3.510390456958642e-06
辽宁交通运输,4.264572932020188e-05,4.264572938988013e-05
辽宁电气机械,3.2335872755732096e-06,3.233587282939139e-06
辽宁电子通信,4.260679607146901e-06,4.2606796148025795e-06
辽宁仪器仪表,7.036211375493514e-07,7.036211388910785e-07
辽宁其他制造产品,9.959498036642424e-08,9.959498056549385e-08
辽宁废弃资源回收加工,2.963328623455575e-07,2.963328628317389e-07
辽宁电热生产供应,6.508224571073446e-06,6.5082245842508455e-06
辽宁燃气生产供应,1.541832514061654e-07,1.541832516648767e-07
辽宁水的生产供应,5.196711293649808e-07,5.196711299818686e-07
辽宁建筑业,4.7832742746086944e-05,4.7832742843885124e-05
辽宁批发零售,2.804329280063413e-05,2.8043292834567093e-05
辽宁运输邮政,2.3632025767864544e-05,2.3632025808849514e-05
辽宁住宿餐饮,3.5116831279247915e-06,3.511683134934582e-06
辽宁金融,1.8326896264722134e-05,1.8326896292619768e-05
辽宁房地产,6.414636701961007e-06,6.414636713716102e-06
辽宁其他第三产业,4.789690295993709e-05,4.78969030497252e-05
吉林农业,1.76379381221925e-06,1.7637938134216713e-06
吉林煤炭开采,1.87163950410524e-07,1.871639506763228e-07
吉林石油天然气,1.218225950938611e-07,1.2182259526570707e-07
吉林黑色金属采选,1.9374032578691377e-06,1.937403259800935e-06
吉林有色金属采选,1.0511098626237899e-07,1.0511098643449588e-07
吉林非金属矿采选,1.217089038821714e-07,1.2170890407025584e-07
吉林食品加工,1.7829815795335923e-06,1.7829815821970612e-06
吉林食品制造,4.0642722212617567e-07,4.0642722274142753e-07
吉林饮料制造,4.762636150265316e-07,4.7626361580487563e-07
吉林烟草制品,4.529291218880355e-08,4.5292912290837e-08
吉林纺织业,7.618216370964194e-08,7.618216383296563e-08
吉林纺织服装服饰,1.1949997212402276e-07,1.1949997223397002e-07
吉林皮革制品,1.7347577536815093e-08,1.7347577565979615e-08
吉林木材加工,8.144439369483272e-07,8.144439383180476e-07
吉林家具,1.3108624103299314e-07,1.3108624125854004e-07
吉林造纸和纸制品,2.2776377905016883e-07,2.2776377924878133e-07
吉林印刷复制品,7.479715802601995e-08,7.479715811925132e-08
吉林文教体育用品,3.0145567460598545e-08,3.0145567504460545e-08
吉林石油炼焦,1.477310051282782e-07,1.4773100529021954e-07
吉林化学制品,1.6275113484525055e-06,1.6275113506460142e-06
吉林医药制品,2.560410614522125e-06,2.5604106176636397e-06
吉林化学纤维制品,5.231881431871303e-08,5.2318814391524026e-08
吉林橡胶塑料,5.548337150620248e-07,5.548337156381586e-07
吉林非金属矿物,1.5329597803011227e-06,1.5329597826703696e-06
吉林黑色金属,7.944056188501617e-07,7.944056196929823e-07
吉林有色金属,6.386153922820708e-08,6.386153933997966e-08
吉林金属制品,4.2445735945939216e-07,4.2445735996402993e-07
吉林普通机械设备,3.8877375872281353e-07,3.8877375934632317e-07
吉林专用机械设备,5.564324567090423e-07,5.564324576110218e-07
吉林交通运输,2.308039003593203e-06,2.3080390066583542e-06
吉林电气机械,2.5782453634753344e-07,2.578245368294414e-07
吉林电子通信,7.02336371633769e-08,7.023363734927606e-08
吉林仪器仪表,4.5292449710167266e-08,4.5292449781803536e-08
吉林其他制造产品,5.586360400179004e-08,5.586360407579743e-08
吉林废弃资源回收加工,3.548633401725474e-08,3.548633405340934e-08
吉林电热生产供应,8.99578720004023e-07,8.995787210178774e-07
吉林燃气生产供应,4.947545731491641e-08,4.947545736136626e-08
吉林水的生产供应,1.063158483504394e-07,1.0631584840889425e-07
吉林建筑业,3.91048510366478e-06,3.9104851108345905e-06
吉林批发零售,3.1313377950389953e-06,3.1313377974387417e-06
吉林运输邮政,1.6626629962428592e-06,1.662662998527218e-06
吉林住宿餐饮,6.277325464927188e-07,6.27732547296885e-07
吉林金融,1.7613869443559504e-06,1.7613869463180264e-06
吉林房地产,5.847782322655451e-07,5.847782330664754e-07
吉林其他第三产业,7.546094115381327e-06,7.546094126472562e-06
黑龙江农业,4.767979338122758e-06,4.7679793411832186e-06
黑龙江煤炭开采,2.1656835011329027e-07,2.1656835043500402e-07
黑龙江石油天然气,4.272481207042078e-07,4.2724812135789173e-07
黑龙江黑色金属采选,3.1968985591913464e-07,3.196898562397513e-07
黑龙江有色金属采选,1.2871736164211215e-08,1.2871736187514253e-08
黑龙江非金属矿采选,4.0970694640801354e-08,4.0970694710551526e-08
黑龙江食品加工,2.129686779798654e-06,2.1296867830195073e-06
黑龙江食品制造,4.5587338037492007e-07,4.5587338112696553e-07
黑龙江饮料制造,2.419321953461592e-07,2.4193219576392315e-07
黑龙江烟草制品,3.477355914145229e-08,3.477355921733072e-08
黑龙江纺织业,4.304494633490017e-08,4.304494640795993e-08
黑龙江纺织服装服饰,2.4719767373850962e-08,2.4719767398611975e-08
黑龙江皮革制品,5.446193721298281e-08,5.446193731910545e-08
黑龙江木材加工,3.212028060157028e-07,3.212028066110296e-07
黑龙江家具,5.37037264282591e-08,5.370372653255462e-08
黑龙江造纸和纸制品,7.722940274452264e-08,7.72294028130321e-08
黑龙江印刷复制品,2.3028386450935268e-08,2.3028386482939663e-08
黑龙江文教体育用品,3.9601286942325984e-08,3.96012870036352e-08
黑龙江石油炼焦,1.0933024931781336e-06,1.0933024944157031e-06
黑龙江化学制品,3.321860973243791e-07,3.3218609784855855e-07
黑龙江医药制品,3.113300580226389e-07,3.113300584915967e-07
黑龙江化学纤维制品,8.604852579456881e-10,8.604852594038702e-10
黑龙江橡胶塑料,2.1648835046157435e-07,2.1648835068335974e-07
黑龙江非金属矿物,3.60104849383588e-07,3.6010484995332903e-07
黑龙江黑色金属,1.4840233192897223e-07,1.484023320902091e-07
黑龙江有色金属,1.0692423847912025e-08,1.0692423868318061e-08
黑龙江金属制品,1.3019713374555934e-07,1.301971339040924e-07
黑龙江普通机械设备,2.1266919476353207e-07,2.1266919511216273e-07
黑龙江专用机械设备,1.4049282372819156e-07,1.404928239732945e-07
黑龙江交通运输,2.313686938168045e-07,2.3136869420447943e-07
黑龙江电气机械,9.575176376148549e-08,9.575176394516923e-08
黑龙江电子通信,1.191407985119643e-08,1.1914079876295347e-08
黑龙江仪器仪表,1.815832109538106e-08,1.8158321120323564e-08
黑龙江其他制造产品,2.1811554032179795e-08,2.181155406250181e-08
黑龙江废弃资源回收加工,1.0146181196950316e-08,1.0146181207073139e-08
黑龙江电热生产供应,1.0671905812824336e-06,1.0671905824742212e-06
黑龙江燃气生产供应,4.6857875991719706e-08,4.685787603890767e-08
黑龙江水的生产供应,4.263738583548176e-08,4.263738585678893e-08
黑龙江建筑业,2.7838856652520466e-06,2.783885670602499e-06
黑龙江批发零售,5.1244386966068815e-06,5.1244387003893774e-06
黑龙江运输邮政,2.0985296342534e-06,2.0985296373734362e-06
黑龙江住宿餐饮,9.521338479100408e-07,9.521338492523919e-07
黑龙江金融,2.392264611679667e-06,2.392264614363794e-06
黑龙江房地产,7.381536022968756e-07,7.381536033489097e-07
黑龙江其他第三产业,7.91960300807849e-06,7.919603020477256e-06
上海农业,6.083117900124357e-07,6.083117907101419e-07
上海煤炭开采,0.0,0.0
上海石油天然气,2.8049138800625246e-08,2.80491388399343e-08
上海黑色金属采选,0.0,0.0
上海有色金属采选,0.0,0.0
上海非金属矿采选,0.0,0.0
上海食品加工,7.629421326006479e-07,7.629421339375253e-07
上海食品制造,2.565760856501367e-06,2.5657608607565143e-06
上海饮料制造,5.048219438291497e-07,5.048219446222126e-07
上海烟草制品,2.3874869449013935e-06,2.387486950669073e-06
上海纺织业,4.754874815068433e-07,4.754874822534934e-07
上海纺织服装服饰,1.1919574337678765e-06,1.1919574355508101e-06
上海皮革制品,7.771497172811657e-07,7.77149718541942e-07
上海木材加工,2.701668184186301e-07,2.7016681884608283e-07
上海家具,1.4253489440553576e-06,1.4253489464171347e-06
上海造纸和纸制品,1.4109177844412314e-06,1.4109177864726048e-06
上海印刷复制品,7.41314709385948e-07,7.413147105805407e-07
上海文教体育用品,1.9842474283420053e-06,1.9842474321993396e-06
上海石油炼焦,2.7880074390690156e-06,2.788007442992173e-06
上海化学制品,1.577871923610876e-05,1.577871925678433e-05
上海医药制品,3.866148038085496e-06,3.8661480439772465e-06
上海化学纤维制品,1.6990152248674404e-07,1.6990152271271284e-07
上海橡胶塑料,6.845382134318708e-06,6.845382143683672e-06
上海非金属矿物,2.571614132735866e-06,2.571614136569013e-06
上海黑色金属,3.882396614814951e-06,3.88239662048939e-06
上海有色金属,9.837602753908646e-07,9.837602769487278e-07
上海金属制品,4.4610090540298776e-06,4.461009060510468e-06
上海普通机械设备,3.479879436419044e-05,3.4798794439786946e-05
上海专用机械设备,1.3906936686250789e-05,1.390693671619441e-05
上海交通运输,4.258945500777468e-05,4.258945507328945e-05
上海电气机械,2.4847423365299813e-05,2.484742342521701e-05
上海电子通信,0.0002834939793373117,0.00028349398038342955
上海仪器仪表,7.993407562873705e-06,7.993407588270705e-06
上海其他制造产品,4.552025698554708e-07,4.5520257081554503e-07
上海废弃资源回收加工,1.9227008635500298e-07,1.9227008672229669e-07
上海电热生产供应,7.145592021045607e-06,7.1455920311754775e-06
上海燃气生产供应,8.105627464295177e-07,8.105627476420549e-07
上海水的生产供应,6.391493515897416e-07,6.391493523924734e-07
上海建筑业,3.2261627349523304e-05,3.22616273993606e-05
上海批发零售,5.052814707110541e-05,5.05281471380761e-05
上海运输邮政,3.0958806514032294e-05,3.0958806558579315e-05
上海住宿餐饮,3.3234893199647993e-06,3.3234893256308843e-06
上海金融,6.813712500615778e-05,6.813712509817448e-05
上海房地产,1.7499080038687286e-05,1.7499080063884264e-05
上海其他第三产业,0.00015286965750022395,0.0001528696578197948
江苏农业,0.0004876552397483376,0.00048765524045249687
江苏煤炭开采,1.92598406620787e-05,1.925984069759731e-05
江苏石油天然气,3.7039086250612753e-06,3.703908631535995e-06
江苏黑色金属采选,2.8406046930073687e-06,2.8406046980171773e-06
江苏有色金属采选,1.031359972504547e-06,1.0313599743284968e-06
江苏非金属矿采选,6.9249014135856e-05,6.924901425445016e-05
江苏食品加工,0.00025461327846203517,0.0002546132789667134
江苏食品制造,9.85849533120006e-05,9.85849535048058e-05
江苏饮料制造,0.00011104893351134945,0.00011104893372615664
江苏烟草制品,2.0870494909430042e-05,2.0870494957081294e-05
江苏纺织业,0.0005255844145180754,0.0005255844153572405
江苏纺织服装服饰,0.0003928385143370956,0.0003928385150155962
江苏皮革制品,0.00011100109066727278,0.0001110010908714223
江苏木材加工,0.00027875862098197915,0.00027875862147606217
江苏家具,4.108900446339276e-05,4.108900454304716e-05
江苏造纸和纸制品,0.00022822032666270818,0.00022822032702102366
江苏印刷复制品,8.129048512905837e-05,8.129048526706068e-05
江苏文教体育用品,0.00032669112878462776,0.0003266911292887808
江苏石油炼焦,9.374118364041923e-05,9.374118380481562e-05
江苏化学制品,0.002242267237640686,0.0022422672408783794
江苏医药制品,0.00039787828505286787,0.00039787828576624747
江苏化学纤维制品,0.0003753939103670425,0.0003753939108529806
江苏橡胶塑料,0.0004989326550738968,0.0004989326558026151
江苏非金属矿物,0.0004898596939242572,0.0004898596948279501
江苏黑色金属,0.0005113953224730686,0.000511395323433304
江苏有色金属,0.00025231533289612394,0.0002523153333385042
江苏金属制品,0.0006915307213527249,0.0006915307225389532
江苏普通机械设备,0.0031147740852923073,0.003114774090404946
江苏专用机械设备,0.0020322905674826173,0.0020322905707571247
江苏交通运输,0.004066295501814335,0.004066295509264211
江苏电气机械,0.0059551395453010655,0.005955139557275576
江苏电子通信,0.01871618315940136,0.01871618313681146
江苏仪器仪表,0.0024355732066043724,0.0024355732086225263
江苏其他制造产品,7.080127764779668e-05,7.080127775115147e-05
江苏废弃资源回收加工,3.224329034565229e-05,3.224329039414078e-05
江苏电热生产供应,0.0005915223872015973,0.0005915223889248998
江苏燃气生产供应,1.9092938491165236e-05,1.909293852779326e-05
江苏水的生产供应,2.5862601988453587e-05,2.586260203727551e-05
江苏建筑业,0.002853584924985538,0.002853584931289023
江苏批发零售,0.002265818749492712,0.002265818753730008
江苏运输邮政,0.0012577913169132095,0.0012577913191263485
江苏住宿餐饮,0.00023768372404382553,0.0002376837244646172
江苏金融,0.0016839894829687528,0.0016839894859513834
江苏房地产,0.000671003434491279,0.0006710034356276031
江苏其他第三产业,0.006218111498337178,0.0062181115055326116
浙江农业,7.646965578287291e-05,7.646965589671119e-05
浙江煤炭开采,1.1868195899086884e-08,1.1868195923384775e-08
浙江石油天然气,0.0,0.0
浙江黑色金属采选,2.1719829568876362e-07,2.1719829605942725e-07
浙江有色金属采选,5.369892359981619e-07,5.369892370879345e-07
浙江非金属矿采选,1.2237219311248866e-05,1.2237219330769809e-05
浙江食品加工,2.9040783814739513e-05,2.9040783871206192e-05
浙江食品制造,1.6595541429034598e-05,1.6595541465473356e-05
浙江饮料制造,2.5795120054315606e-05,2.5795120104259772e-05
浙江烟草制品,4.187038629601536e-05,4.187038640548393e-05
浙江纺织业,0.0003223924398405823,0.00032239244029771085
浙江纺织服装服饰,0.00018974296895365428,0.00018974296927820814
浙江皮革制品,5.279382279887595e-05,5.279382290892388e-05
浙江木材加工,4.0203708851159385e-05,4.020370890546683e-05
浙江家具,3.757251488002932e-05,3.7572514962749586e-05
浙江造纸和纸制品,0.00015296140787290154,0.000152961408156308
浙江印刷复制品,5.588515329307571e-05,5.588515338309725e-05
浙江文教体育用品,8.998328392011489e-05,8.998328407951764e-05
浙江石油炼焦,8.69077219800746e-05,8.690772209455155e-05
浙江化学制品,0.0009955876284278855,0.0009955876299769682
浙江医药制品,0.00020639560415130687,0.0002063956044747921
浙江化学纤维制品,0.0002123257168782428,0.0002123257171375166
浙江橡胶塑料,0.00036510206250657757,0.00036510206322418
浙江非金属矿物,0.00017584046772351305,0.0001758404680053773
浙江黑色金属,0.00028292059634361943,0.0002829205965913292
浙江有色金属,0.00042026296039104883,0.0004202629610820758
浙江金属制品,0.00041284620333676867,0.0004128462040313419
浙江普通机械设备,0.0007973978119204747,0.0007973978130605602
浙江专用机械设备,0.0002743354687684488,0.0002743354694778558
浙江交通运输,0.0011171018608821573,0.0011171018621937377
浙江电气机械,0.001788886259879995,0.001788886263799955
浙江电子通信,0.0023666993798043385,0.0023666993872151682
浙江仪器仪表,0.00041943082024242654,0.00041943082106010965
浙江其他制造产品,5.2709833196321514e-05,5.270983329119478e-05
浙江废弃资源回收加工,1.2990300282748688e-05,1.2990300305161126e-05
浙江电热生产供应,0.00034019511295648705,0.0003401951137519248
浙江燃气生产供应,1.2185878197576728e-05,1.2185878217558643e-05
浙江水的生产供应,1.390538892454098e-05,1.3905388950764317e-05
浙江建筑业,0.0005108444163170443,0.0005108444175600159
浙江批发零售,0.001089967696767084,0.0010899676989215947
浙江运输邮政,0.0005008753450589286,0.0005008753459178522
浙江住宿餐饮,0.0002091311830398049,0.00020913118339054487
浙江金融,0.0005633363485791845,0.0005633363495431654
浙江房地产,0.0003301554765958607,0.00033015547707718526
浙江其他第三产业,0.0020411318949194296,0.002041131898561622
安徽农业,0.00011203431564994367,0.0001120343158016827
安徽煤炭开采,1.883546911918244e-05,1.8835469160696304e-05
安徽石油天然气,0.0,0.0
安徽黑色金属采选,1.140695544239735e-05,1.1406955462770824e-05
安徽有色金属采选,3.1677000238939102e-06,3.1677000309039206e-06
安徽非金属矿采选,1.865378188108682e-05,1.8653781913620314e-05
安徽食品加工,9.987331390204713e-05,9.987331406134641e-05
安徽食品制造,2.5757817610455018e-05,2.575781765850524e-05
安徽饮料制造,3.925120632181056e-05,3.925120639448904e-05
安徽烟草制品,2.73866055829182e-05,2.738660565258392e-05
安徽纺织业,6.108662538376053e-05,6.108662546620425e-05
安徽纺织服装服饰,8.682091568512627e-05,8.682091583488122e-05
安徽皮革制品,1.621663735260971e-05,1.6216637384731212e-05
安徽木材加工,6.199079309981592e-05,6.199079317799551e-05
安徽家具,1.4656820398271807e-05,1.4656820428315486e-05
安徽造纸和纸制品,5.249705230839825e-05,5.249705240245729e-05
安徽印刷复制品,5.850738117832738e-05,5.850738126953878e-05
安徽文教体育用品,3.292042450961956e-05,3.2920424565368746e-05
安徽石油炼焦,2.561536956201214e-05,2.5615369594519416e-05
安徽化学制品,0.0004878702695598295,0.00048787027030953154
安徽医药制品,0.00014297583982108972,0.00014297584003850622
安徽化学纤维制品,1.0042846665962539e-05,1.0042846677660452e-05
安徽橡胶塑料,0.00024399823942285236,0.00024399823989135002
安徽非金属矿物,0.00025646274417083693,0.0002564627445792936
安徽黑色金属,0.00026849054251239826,0.0002684905427461385
安徽有色金属,0.0004601680722863849,0.0004601680730270285
安徽金属制品,0.00026460195729113763,0.00026460195773032565
安徽普通机械设备,0.000507934129071754,0.0005079341298009451
安徽专用机械设备,0.0003008381536701497,0.00030083815443632326
安徽交通运输,0.000287697831447893,0.000287697831785026
安徽电气机械,0.0016389553498726097,0.0016389553535582837
安徽电子通信,0.0018746158321407355,0.0018746158370218419
安徽仪器仪表,0.00013669691376721644,0.0001366969140142222
安徽其他制造产品,2.7681060949761007e-05,2.768106099714492e-05
安徽废弃资源回收加工,3.1886202245939674e-05,3.188620230448497e-05
安徽电热生产供应,0.0001332801734659621,0.00013328017380962435
安徽燃气生产供应,4.466090706261026e-06,4.466090713422442e-06
安徽水的生产供应,4.153850323269988e-06,4.15385033115405e-06
安徽建筑业,0.00040310526869467964,0.00040310526977127087
安徽批发零售,0.0003623872017966921,0.00036238720253281315
安徽运输邮政,0.00023673969281322657,0.00023673969321881574
安徽住宿餐饮,9.721787249488782e-05,9.721787264483725e-05
安徽金融,0.00027963893700188886,0.00027963893748943365
安徽房地产,0.000149668438949325,0.0001496684391707484
安徽其他第三产业,0.001028878877215462,0.0010288788789163377
福建农业,3.5042496059201156e-05,3.504249609275499e-05
福建煤炭开采,8.149795207017715e-07,8.149795218996993e-07
福建石油天然气,0.0,0.0
福建黑色金属采选,1.975681944578652e-06,1.9756819471874436e-06
福建有色金属采选,3.3982615129594686e-07,3.398261519162501e-07
福建非金属矿采选,6.7537176131451455e-06,6.753717619931229e-06
福建食品加工,2.536741278355812e-05,2.536741281971722e-05
福建食品制造,8.693096085377595e-06,8.693096100836359e-06
福建饮料制造,1.9303858965835398e-05,1.9303858996043842e-05
福建烟草制品,1.0216553829792148e-05,1.02165538535131e-05
福建纺织业,7.883045175695535e-05,7.88304518468163e-05
福建纺织服装服饰,7.462694908327718e-05,7.46269491942562e-05
福建皮革制品,3.085858438029514e-05,3.085858442369342e-05
福建木材加工,3.904295346937847e-05,3.904295350729688e-05
福建家具,5.86326390415576e-06,5.8632639125649394e-06
福建造纸和纸制品,6.135521835469907e-05,6.135521845221882e-05
福建印刷复制品,2.3074570264347286e-05,2.3074570296524712e-05
福建文教体育用品,4.05735361838028e-05,4.057353624598174e-05
福建石油炼焦,2.9214636624831443e-05,2.9214636656994456e-05
福建化学制品,0.00019488896883520937,0.0001948889691214248
福建医药制品,2.8175152506592438e-05,2.8175152545712096e-05
福建化学纤维制品,5.8374716955983596e-05,5.8374717019770435e-05
福建橡胶塑料,0.00011416738256960906,0.00011416738277689587
福建非金属矿物,0.00013805239879658066,0.00013805239898165698
福建黑色金属,0.00012956751843261777,0.0001295675185264712
福建有色金属,0.00015238844904783965,0.00015238844927558835
福建金属制品,0.00011792994009410773,0.00011792994027561662
福建普通机械设备,0.00011476795398592091,0.00011476795411959357
福建专用机械设备,7.513976756763124e-05,7.513976776317106e-05
福建交通运输,0.00016148440777818772,0.00016148440791845158
福建电气机械,0.00031030570524534555,0.0003103057058611185
福建电子通信,0.0014417024384507243,0.0014417024435614994
福建仪器仪表,8.47224570264329e-05,8.472245719791135e-05
福建其他制造产品,2.6096151000036824e-05,2.609615104137154e-05
福建废弃资源回收加工,2.2765053063457535e-06,2.2765053091548243e-06
福建电热生产供应,7.913127770064641e-05,7.913127782730086e-05
福建燃气生产供应,3.350292636661799e-06,3.350292640744659e-06
福建水的生产供应,1.7204502939404053e-06,1.7204502964612505e-06
福建建筑业,9.403625946542651e-05,9.403625965041848e-05
福建批发零售,0.00021675624750639016,0.00021675624791542487
福建运输邮政,0.00022328216451318231,0.0002232821648457077
福建住宿餐饮,4.549983738842825e-05,4.5499837451386184e-05
福建金融,0.0001572470205037163,0.00015724702075334987
福建房地产,9.150457973105543e-05,9.150457984229214e-05
福建其他第三产业,0.0004824481928003621,0.00048244819359711687
江西农业,2.9749028682713406e-05,2.9749028711183285e-05
江西煤炭开采,8.753749548603756e-07,8.753749560917207e-07
江西石油天然气,0.0,0.0
江西黑色金属采选,2.300531024711155e-06,2.3005310277289797e-06
江西有色金属采选,2.4280083777728656e-06,2.4280083819668103e-06
江西非金属矿采选,8.815595602760076e-06,8.815595611628297e-06
江西食品加工,1.915435739559945e-05,1.9154357421594888e-05
江西食品制造,3.716287525455162e-06,3.7162875317578206e-06
江西饮料制造,7.242271430030086e-06,7.242271441205667e-06
江西烟草制品,7.694926494720651e-06,7.694926512777056e-06
江西纺织业,3.9597904775506314e-05,3.959790482005875e-05
江西纺织服装服饰,6.14872910684232e-05,6.148729116034898e-05
江西皮革制品,6.696149597117725e-06,6.696149606582979e-06
江西木材加工,1.8767342296932283e-05,1.8767342314357228e-05
江西家具,4.424114667064289e-06,4.4241146730622915e-06
江西造纸和纸制品,2.5345833054335857e-05,2.534583309491609e-05
江西印刷复制品,2.4806891724194786e-05,2.48068917589256e-05
江西文教体育用品,2.089796193076882e-05,2.0897961963292846e-05
江西石油炼焦,2.0751879964572348e-05,2.0751879987238238e-05
江西化学制品,0.00031025455298772136,0.0003102545534426147
江西医药制品,0.00011550387302896261,0.00011550387318898732
江西化学纤维制品,6.2239288228797695e-06,6.223928829534177e-06
江西橡胶塑料,6.258044438473451e-05,6.258044449853629e-05
江西非金属矿物,0.00014211804591151398,0.0001421180461003562
江西黑色金属,9.244080231225139e-05,9.244080237850584e-05
江西有色金属,0.0005080605850524062,0.0005080605858266327
江西金属制品,9.502284955335767e-05,9.502284970047464e-05
江西普通机械设备,9.097619231271305e-05,9.097619242332705e-05
江西专用机械设备,5.0311503002105144e-05,5.031150313568624e-05
江西交通运输,6.188741826818806e-05,6.188741832318974e-05
江西电气机械,0.0005584890616735106,0.0005584890628133692
江西电子通信,0.0008790192500922656,0.0008790192533028981
江西仪器仪表,6.498556648997936e-05,6.49855666238337e-05
江西其他制造产品,8.577618064928782e-06,8.577618078901109e-06
江西废弃资源回收加工,5.061374430835255e-06,5.061374437490487e-06
江西电热生产供应,1.7436131983911732e-05,1.7436132012624624e-05
江西燃气生产供应,1.917387133346826e-06,1.9173871356484068e-06
江西水的生产供应,2.4006585739977783e-06,2.4006585775351704e-06
江西建筑业,6.944181951378469e-05,6.944181965970609e-05
江西批发零售,0.00013979431065872612,0.00013979431093027553
江西运输邮政,0.00011264736755593554,0.00011264736772430189
江西住宿餐饮,4.743457724640883e-05,4.743457731263641e-05
江西金融,9.247631050091648e-05,9.247631064989002e-05
江西房地产,5.112324655794951e-05,5.1123246619726294e-05
江西其他第三产业,0.00032250142670798497,0.0003225014272542028
山东农业,0.00032323104604853846,0.0003232310464502309
山东煤炭开采,5.026373258381633e-05,5.026373267675326e-05
山东石油天然气,1.6610396681935237e-05,1.6610396708437732e-05
山东黑色金属采选,1.4579756336215104e-05,1.4579756357140875e-05
山东有色金属采选,5.521429535593404e-05,5.5214295441415104e-05
山东非金属矿采选,4.1778403954418505e-05,4.1778404014367926e-05
山东食品加工,0.00034771344892564805,0.0003477134495491436
山东食品制造,0.00010147460980975221,0.00010147460999423971
山东饮料制造,7.395943786466227e-05,7.395943799729107e-05
山东烟草制品,1.7995324514347184e-05,1.799532455782033e-05
山东纺织业,0.0003696656291077996,0.0003696656296369394
山东纺织服装服饰,0.00017197119415372617,0.00017197119444733685
山东皮革制品,4.244168440701277e-05,4.2441684481154714e-05
山东木材加工,0.0002010484212617343,0.00020104842154093457
山东家具,4.4469463244698126e-05,4.4469463328471907e-05
山东造纸和纸制品,0.0002762354287449518,0.0002762354291853505
山东印刷复制品,0.00011953622870605564,0.0001195362288878526
山东文教体育用品,0.00018483172134442654,0.0001848317216364855
山东石油炼焦,0.00032580928894361755,0.00032580928938374335
山东化学制品,0.002166671044525844,0.002166671047917806
山东医药制品,0.00045611607649725423,0.0004561160772137816
山东化学纤维制品,2.9087294826187523e-05,2.9087294861715978e-05
山东橡胶塑料,0.0006709356281140613,0.0006709356293419993
山东非金属矿物,0.0005455029698696629,0.0005455029707836462
山东黑色金属,0.00037481507678139046,0.0003748150771521533
山东有色金属,0.000840607896735062,0.0008406078981000206
山东金属制品,0.0006782480178536588,0.0006782480189882585
山东普通机械设备,0.0011041635620692486,0.0011041635637608113
山东专用机械设备,0.0007143992476371381,0.0007143992494065839
山东交通运输,0.001180835267015721,0.001180835268536865
山东电气机械,0.0013195471346201572,0.0013195471373928043
山东电子通信,0.0032657166429166627,0.003265716653041981
山东仪器仪表,0.0003704848090208545,0.0003704848097432725
山东其他制造产品,2.1275212872481563e-05,2.1275212909994775e-05
山东废弃资源回收加工,5.118202937000822e-06,5.118202945260303e-06
山东电热生产供应,0.0002645440893340413,0.00026454408985216344
山东燃气生产供应,7.608854541364448e-06,7.60885455309314e-06
山东水的生产供应,8.974015983485967e-06,8.974015999271387e-06
山东建筑业,0.0007045481787712097,0.0007045481804103083
山东批发零售,0.00125037782906395,0.0012503778312159275
山东运输邮政,0.0006495775609481953,0.000649577561977296
山东住宿餐饮,0.00021186903233106797,0.00021186903266992384
山东金融,0.0004277611279971254,0.0004277611286942514
山东房地产,0.00023340700478964986,0.00023340700512188678
山东其他第三产业,0.0018220938887409126,0.0018220938919557542
河南农业,0.00014476784510588639,0.0001447678453053598
河南煤炭开采,3.8248268212217807e-05,3.824826828258215e-05
河南石油天然气,6.315676353895406e-06,6.315676363191664e-06
河南黑色金属采选,4.122296167871372e-06,4.122296174866987e-06
河南有色金属采选,9.633218338564167e-05,9.633218352032875e-05
河南非金属矿采选,3.136719758979399e-05,3.136719764481531e-05
河南食品加工,0.00017782761935899115,0.0001778276196286155
河南食品制造,8.461324690789394e-05,8.46132470677326e-05
河南饮料制造,6.385427848076299e-05,6.385427860008902e-05
河南烟草制品,2.0588014744292894e-05,2.058801479411103e-05
河南纺织业,0.00012217976340683345,0.0001221797635699249
河南纺织服装服饰,7.082955219170741e-05,7.082955231067733e-05
河南皮革制品,3.743970087670696e-05,3.743970095691353e-05
河南木材加工,5.453383625510249e-05,5.453383632663138e-05
河南家具,1.9625573360859705e-05,1.9625573404757892e-05
河南造纸和纸制品,9.084284390265955e-05,9.084284404989426e-05
河南印刷复制品,4.719618938121589e-05,4.719618945141554e-05
河南文教体育用品,5.241700282920393e-05,5.241700292239512e-05
河南石油炼焦,9.232941350159705e-05,9.232941360361826e-05
河南化学制品,0.0006715824792819089,0.0006715824802009802
河南医药制品,0.0002406357748759928,0.00024063577522260703
河南化学纤维制品,9.05388004266811e-06,9.05388005352445e-06
河南橡胶塑料,0.00020872736015218859,0.0002087273605045423
河南非金属矿物,0.0006118368579998624,0.0006118368590386078
河南黑色金属,0.00028613417445152837,0.00028613417472334626
河南有色金属,0.0006499019030799322,0.0006499019040676756
河南金属制品,0.00026003326728855176,0.00026003326770382656
河南普通机械设备,0.00047238258838623896,0.0004723825890656152
河南专用机械设备,0.0004264564590316511,0.00042645646006200956
河南交通运输,0.0005473917909562127,0.0005473917916476922
河南电气机械,0.0006890332755007498,0.0006890332769461203
河南电子通信,0.0019510147952668455,0.0019510148006716284
河南仪器仪表,0.0001851835544045396,0.00018518355475576767
河南其他制造产品,2.21678579174513e-05,2.2167857955955686e-05
河南废弃资源回收加工,5.755484394797794e-06,5.755484404475811e-06
河南电热生产供应,0.00014124272383253167,0.00014124272412924862
河南燃气生产供应,5.580799618549959e-06,5.580799627489524e-06
河南水的生产供应,4.4569644096250585e-06,4.456964417880973e-06
河南建筑业,0.00038374227485753155,0.00038374227590554175
河南批发零售,0.0003952110498144134,0.00039521105052253
河南运输邮政,0.00038650065376983245,0.0003865006544000924
河南住宿餐饮,0.00015549081569487025,0.00015549081592519375
河南金融,0.00026354221641748595,0.00026354221685950195
河南房地产,0.0001525101573390866,0.0001525101575662669
河南其他第三产业,0.0009742778099128413,0.0009742778115813273
湖北农业,9.794988404435159e-05,9.794988416333865e-05
湖北煤炭开采,1.5384889919519595e-06,1.5384889942847116e-06
湖北石油天然气,1.3242850947833893e-06,1.3242850965685905e-06
湖北黑色金属采选,6.215499366614719e-06,6.215499376693938e-06
湖北有色金属采选,3.930802100326283e-06,3.930802104792798e-06
湖北非金属矿采选,3.1587340034370284e-05,3.1587340076000496e-05
湖北食品加工,0.00010103903211931592,0.00010103903226407503
湖北食品制造,2.1512004913968595e-05,2.151200495430014e-05
湖北饮料制造,5.9445532587382444e-05,5.944553268983789e-05
湖北烟草制品,2.9442965132729785e-05,2.9442965203239318e-05
湖北纺织业,9.949464482599419e-05,9.949464494830553e-05
湖北纺织服装服饰,5.014197231318283e-05,5.014197239320361e-05
湖北皮革制品,3.97754049733898e-06,3.977540505464166e-06
湖北木材加工,2.5125121873094943e-05,2.512512190102615e-05
湖北家具,4.077605396230066e-06,4.077605404253615e-06
湖北造纸和纸制品,4.655621696163875e-05,4.655621703586836e-05
湖北印刷复制品,3.278741911971517e-05,3.278741916654645e-05
湖北文教体育用品,8.122951396874388e-06,8.122951410357538e-06
湖北石油炼焦,5.592140289582158e-05,5.592140295589459e-05
湖北化学制品,0.0006385113843895297,0.0006385113852812753
湖北医药制品,0.000130323448098762,0.00013032344828164738
湖北化学纤维制品,5.817766837623162e-06,5.8177668442258605e-06
湖北橡胶塑料,0.00012086847919146415,0.00012086847939889468
湖北非金属矿物,0.00020991497227884802,0.00020991497255199118
湖北黑色金属,0.0001601772800175925,0.00016017728014488115
湖北有色金属,0.00011776010961011699,0.00011776010977427105
湖北金属制品,0.00018304485226960568,0.00018304485254930943
湖北普通机械设备,0.00017677443805081896,0.00017677443827412742
湖北专用机械设备,0.00011852358645762323,0.00011852358675028499
湖北交通运输,0.0003739177598880047,0.000373917760275643
湖北电气机械,0.0003558175590019508,0.00035581755972485904
湖北电子通信,0.0010916500825821542,0.0010916500862473404
湖北仪器仪表,7.98350168971668e-05,7.983501705771423e-05
湖北其他制造产品,1.715907484510787e-05,1.7159074873841322e-05
湖北废弃资源回收加工,5.206913972751779e-06,5.2069139803827864e-06
湖北电热生产供应,7.802071720616437e-05,7.802071734526547e-05
湖北燃气生产供应,2.9035203388429288e-06,2.903520342997138e-06
湖北水的生产供应,3.0960566845325964e-06,3.0960566898194085e-06
湖北建筑业,0.00019083232418225699,0.00019083232465807453
湖北批发零售,0.0003127363298938953,0.0003127363304775466
湖北运输邮政,0.00023494475044099334,0.000234944750810405
湖北住宿餐饮,9.5902474295202e-05,9.590247443318801e-05
湖北金融,0.00026473454137737466,0.0002647345418191322
湖北房地产,0.00011143078931076168,0.00011143078946670393
湖北其他第三产业,0.0007734140165847333,0.0007734140179408086
湖南农业,0.00011845182537675164,0.00011845182557679552
湖南煤炭开采,1.5421890131578177e-05,1.5421890165661028e-05
湖南石油天然气,0.0,0.0
湖南黑色金属采选,3.3998729893881533e-06,3.399872996873779e-06
湖南有色金属采选,3.041521004046075e-05,3.0415210087941797e-05
湖南非金属矿采选,2.8588504613482298e-05,2.8588504674095616e-05
湖南食品加工,9.913628112753069e-05,9.913628131692163e-05
湖南食品制造,4.2908575231583717e-05,4.290857533173011e-05
湖南饮料制造,3.5577395135150736e-05,3.557739521566276e-05
湖南烟草制品,3.7385453492430974e-05,3.7385453592485406e-05
湖南纺织业,2.8620580137388355e-05,2.8620580184228565e-05
湖南纺织服装服饰,1.573686233081224e-05,1.5736862363789085e-05
湖南皮革制品,1.5315850883349864e-05,1.5315850924829932e-05
湖南木材加工,4.354683566722218e-05,4.354683574355717e-05
湖南家具,1.0741207266300276e-05,1.0741207296468913e-05
湖南造纸和纸制品,5.1167071266851226e-05,5.1167071363474564e-05
湖南印刷复制品,3.0079713980004548e-05,3.0079714033598772e-05
湖南文教体育用品,1.4619168911364393e-05,1.4619168939536383e-05
湖南石油炼焦,3.5151529719877e-05,3.51515297674601e-05
湖南化学制品,0.0003699100328416567,0.00036991003341582115
湖南医药制品,0.00011529476299923246,0.00011529476319545952
湖南化学纤维制品,2.6137366638102096e-06,2.6137366672709203e-06
湖南橡胶塑料,4.9845032909061904e-05,4.984503300479624e-05
湖南非金属矿物,0.00019031467157983641,0.00019031467192539894
湖南黑色金属,0.00012016271185571312,0.00012016271198746336
湖南有色金属,0.00030021606762918785,0.0003002160681116573
湖南金属制品,0.00011441571707732786,0.0001144157172828472
湖南普通机械设备,0.00022569619030465314,0.0002256961906155036
湖南专用机械设备,0.0003219895893631629,0.00032198959009428936
湖南交通运输,0.0005103874348592537,0.0005103874356220049
湖南电气机械,0.00028948397501242317,0.0002894839755788808
湖南电子通信,0.0010588039500201254,0.0010588039512661105
湖南仪器仪表,8.041164288705437e-05,8.041164300691677e-05
湖南其他制造产品,2.101848165997447e-05,2.1018481695802828e-05
湖南废弃资源回收加工,5.8750306926278314e-06,5.875030703304514e-06
湖南电热生产供应,6.550641548971633e-05,6.550641565743927e-05
湖南燃气生产供应,2.5638055247727084e-06,2.563805530076207e-06
湖南水的生产供应,6.227630567367678e-06,6.227630580887983e-06
湖南建筑业,0.0004886029814845847,0.0004886029828032066
湖南批发零售,0.00033163478671569615,0.0003316347873652794
湖南运输邮政,0.0002782368176723223,0.00027823681821021395
湖南住宿餐饮,8.170463363998652e-05,8.17046337861908e-05
湖南金融,0.00019428957862371166,0.00019428957900635157
湖南房地产,7.515409836891128e-05,7.515409851054101e-05
湖南其他第三产业,0.0014309570409133136,0.0014309570434525966
广东农业,0.002236916999450626,0.002236917005380709
广东煤炭开采,0.0,0.0
广东石油天然气,0.0002784783407601775,0.00027847834153381997
广东黑色金属采选,6.281825249618148e-05,6.281825268308634e-05
广东有色金属采选,5.000984516003355e-05,5.000984531586878e-05
广东非金属矿采选,0.0005480844194374193,0.0005480844210640779
广东食品加工,0.0017413196311481392,0.0017413196363915235
广东食品制造,0.001709447258196939,0.0017094472627115825
广东饮料制造,0.0010694132928661078,0.0010694132959069066
广东烟草制品,0.00022781633959304928,0.00022781634036699922
广东纺织业,0.0011539801882140828,0.0011539801918194349
广东纺织服装服饰,0.0026208531364222474,0.0026208531448484876
广东皮革制品,0.002076485092048828,0.002076485098692164
广东木材加工,0.0006297261026459454,0.0006297261047652558
广东家具,0.0018200949514703233,0.0018200949574283976
广东造纸和纸制品,0.0019209229652254432,0.0019209229699483957
广东印刷复制品,0.0008933676631117298,0.0008933676652571004
广东文教体育用品,0.004783694390200241,0.0047836943887986936
广东石油炼焦,0.0007893183653200404,0.0007893183675527834
广东化学制品,0.004073885856045847,0.004073885866900464
广东医药制品,0.0015162395341249346,0.0015162395378332347
广东化学纤维制品,6.57958963751211e-05,6.579589654145898e-05
广东橡胶塑料,0.004601736743076541,0.004601736752337951
广东非金属矿物,0.0039054660440769225,0.0039054660555283625
广东黑色金属,0.0014135107535321381,0.001413510756945448
广东有色金属,0.0016597638280475638,0.0016597638329933209
广东金属制品,0.0047462279012940225,0.004746227912864143
广东普通机械设备,0.01401287627847051,0.014012876250857726
广东专用机械设备,0.009151876083246678,0.009151876066639546
广东交通运输,0.011802767887103447,0.011802767885514976
广东电气机械,0.0438489188159155,0.043848918677877595
广东电子通信,0.12152531435798077,0.12152531531897531
广东仪器仪表,0.004146575274082148,0.004146575272185727
广东其他制造产品,0.0005578976270923818,0.0005578976268543943
广东废弃资源回收加工,0.00140876316247022,0.001408763163024687
广东电热生产供应,0.009111563273449055,0.009111563261388476
广东燃气生产供应,0.00045249704440125996,0.0004524970452706117
广东水的生产供应,0.0008509655517939073,0.0008509655517954264
广东建筑业,0.01242331219445107,0.012423312233443227
广东批发零售,0.03930679218875816,0.03930679212353927
广东运输邮政,0.017861825313944264,0.017861825325299126
广东住宿餐饮,0.003253637294579766,0.00325363729448346
广东金融,0.02439936931440631,0.024399369315896657
广东房地产,0.015893718803377286,0.01589371885411678
广东其他第三产业,0.047176944131370115,0.04717694413319973
广西农业,0.0003183210293737364,0.00031832102976445955
广西煤炭开采,7.52085909510798e-07,7.52085910528605e-07
广西石油天然气,1.882378757102604e-06,1.8823787594666517e-06
广西黑色金属采选,6.442323202613857e-06,6.442323206756251e-06
广西有色金属采选,1.7379338366890046e-05,1.73793383804158e-05
广西非金属矿采选,6.42178777296241e-05,6.4217877723807e-05
广西食品加工,0.0001695761258898457,0.00016957612619137346
广西食品制造,3.175876081227427e-05,3.175876088180156e-05
广西饮料制造,0.000170919044942849,0.00017091904516237369
广西烟草制品,0.00019275705033427556,0.00019275704975744775
广西纺织业,5.2856354862543854e-05,5.285635489310637e-05
广西纺织服装服饰,0.00012408366162079402,0.00012408366174175556
广西皮革制品,3.2371028223356167e-05,3.237102826602899e-05
广西木材加工,0.00024451095798861723,0.0002445109577271922
广西家具,4.6523498611011964e-05,4.652349870199491e-05
广西造纸和纸制品,0.0006275952711447331,0.0006275952713661428
广西印刷复制品,0.0002891872855044257,0.0002891872861396356
广西文教体育用品,0.00011949147741684648,0.00011949147757008635
广西石油炼焦,0.00037612560849079887,0.00037612560906142716
广西化学制品,0.0008722563140716534,0.0008722563133627642
广西医药制品,0.0004208284656936356,0.0004208284667014152
广西化学纤维制品,8.280926171053773e-08,8.280926180837668e-08
广西橡胶塑料,0.0007750044923494352,0.0007750044905102127
广西非金属矿物,0.0012679538617097663,0.001267953858483182
广西黑色金属,0.0007284085159064741,0.0007284085165232616
广西有色金属,0.002458050734333192,0.002458050733539607
广西金属制品,0.0007705992435644015,0.0007705992426461014
广西普通机械设备,0.00022053835231390913,0.0002205383525075937
广西专用机械设备,0.0005420175953913203,0.000542017593290644
广西交通运输,0.0002910596266417619,0.00029105962729326316
广西电气机械,0.002935667130737984,0.0029356671253280317
广西电子通信,0.0307668800685258,0.030766879892231928
广西仪器仪表,0.00016333319517043316,0.00016333319496271412
广西其他制造产品,5.83187302287793e-05,5.831873025168819e-05
广西废弃资源回收加工,0.0002621815391160025,0.000262181539033912
广西电热生产供应,0.0010814583874639817,0.0010814583870630153
广西燃气生产供应,2.8538935650884726e-05,2.8538935693045445e-05
广西水的生产供应,4.188868791655849e-05,4.188868790034708e-05
广西建筑业,0.00017563426422727014,0.00017563426435971682
广西批发零售,0.0026731882876585046,0.002673188281010238
广西运输邮政,0.0026582694722445403,0.0026582694740796943
广西住宿餐饮,0.0009795246216687695,0.0009795246231835018
广西金融,0.0024868199362068043,0.0024868199360883895
广西房地产,0.0017797892282978543,0.0017797892333295227
广西其他第三产业,0.00576060010364338,0.0057606001043192
海南农业,6.801436213911087e-05,6.801436222140332e-05
海南煤炭开采,0.0,0.0
海南石油天然气,1.1741518012421526e-06,1.1741518026927467e-06
海南黑色金属采选,3.193789165723876e-07,3.193789168863732e-07
海南有色金属采选,7.61491890290666e-07,7.614918912433456e-07
海南非金属矿采选,3.3596227878933333e-07,3.3596227881817464e-07
海南食品加工,6.590715975819966e-06,6.590715987097446e-06
海南食品制造,2.175479558592233e-06,2.1754795632765942e-06
海南饮料制造,5.036699817710553e-06,5.0366998242035e-06
海南烟草制品,1.7743567199381842e-05,1.7743567147998872e-05
海南纺织业,7.413706912971014e-07,7.41370691742538e-07
海南纺织服装服饰,0.0,0.0
海南皮革制品,4.100475831827188e-08,4.1004758371843213e-08
海南木材加工,7.20379848079457e-07,7.20379847450942e-07
海南家具,1.122643097692629e-07,1.1226430998743413e-07
海南造纸和纸制品,0.0001384801626559348,0.00013848016270747313
海南印刷复制品,9.391202369608911e-06,9.391202390162467e-06
海南文教体育用品,5.144031215505314e-07,5.1440312220696e-07
海南石油炼焦,0.00016854905910327576,0.00016854905935671942
海南化学制品,0.0001014528393587905,0.0001014528392894532
海南医药制品,9.691930960448674e-05,9.691930983309784e-05
海南化学纤维制品,0.0,0.0
海南橡胶塑料,3.3649806369551145e-05,3.364980629103513e-05
海南非金属矿物,6.069414219283913e-05,6.069414204452504e-05
海南黑色金属,2.141944087396764e-06,2.1419440892327354e-06
海南有色金属,4.597267755606761e-06,4.597267754408594e-06
海南金属制品,2.212097989470919e-05,2.2120979869192562e-05
海南普通机械设备,1.80407669072107e-07,1.8040766922790914e-07
海南专用机械设备,2.0399216270146354e-06,2.0399216193784856e-06
海南交通运输,3.0994189876863384e-07,3.099418994273994e-07
海南电气机械,0.00014593013765030598,0.0001459301373878177
海南电子通信,0.00011697468295095796,0.00011697468228466244
海南仪器仪表,4.835691344608067e-06,4.835691338964936e-06
海南其他制造产品,0.0,0.0
海南废弃资源回收加工,1.9632557641021077e-06,1.9632557635467264e-06
海南电热生产供应,0.0001683473569399141,0.00016834735688092467
海南燃气生产供应,1.109742639305934e-05,1.1097426409413711e-05
海南水的生产供应,9.573197936377637e-06,9.573197932734508e-06
海南建筑业,2.9626686371344727e-05,2.9626686387153116e-05
海南批发零售,0.0006994619776585063,0.0006994619759522603
海南运输邮政,0.0004791785293460171,0.0004791785296825881
海南住宿餐饮,0.0003250619879122538,0.00032506198841505745
海南金融,0.0004279240591277051,0.0004279240591143931
海南房地产,0.0006277939676301735,0.0006277939693986125
海南其他第三产业,0.0009849236687017706,0.0009849236688283698
重庆农业,6.934901555248e-05,6.934901563870762e-05
重庆煤炭开采,2.960046930893624e-06,2.9600469359304997e-06
重庆石油天然气,6.373814980294124e-06,6.3738149884212375e-06
重庆黑色金属采选,2.471069053660767e-07,2.4710690563304997e-07
重庆有色金属采选,3.601566901143728e-07,3.6015669048643437e-07
重庆非金属矿采选,2.0901299062193784e-05,2.0901299065255865e-05
重庆食品加工,4.130923188069579e-05,4.130923195241542e-05
重庆食品制造,9.656392875023015e-06,9.65639289670111e-06
重庆饮料制造,2.725280412987661e-05,2.7252804165891486e-05
重庆烟草制品,6.112400785091335e-05,6.11240076785349e-05
重庆纺织业,2.2610574235620895e-05,2.261057425065094e-05
重庆纺织服装服饰,6.529138057078998e-05,6.529138063564649e-05
重庆皮革制品,3.3803357522200465e-05,3.380335756730191e-05
重庆木材加工,1.3375140915581488e-05,1.3375140905436851e-05
重庆家具,1.971043070906428e-05,1.9710430747538633e-05
重庆造纸和纸制品,0.00027931604674561074,0.00027931604685543755
重庆印刷复制品,0.0002222889348205669,0.0002222889353047227
重庆文教体育用品,8.13561513990505e-05,8.135615150678188e-05
重庆石油炼焦,2.149892557158129e-05,2.149892560324555e-05
重庆化学制品,0.0003720510573454796,0.00037205105715981446
重庆医药制品,0.00026026711204836533,0.00026026711264965605
重庆化学纤维制品,1.1865164730026291e-06,1.1865164743775038e-06
重庆橡胶塑料,0.0007322466896954037,0.0007322466880390279
重庆非金属矿物,0.00041753173925979564,0.00041753173829922407
重庆黑色金属,9.013887548771486e-05,9.013887556405772e-05
重庆有色金属,0.0007254587230661062,0.0007254587228996885
重庆金属制品,0.0006758390680083525,0.0006758390672772507
重庆普通机械设备,0.0002694374941809444,0.00026943749452242234
重庆专用机械设备,0.0002581376216112138,0.00025813762079261217
重庆交通运输,0.0011055504500224018,0.0011055504524964917
重庆电气机械,0.0021974355053666233,0.002197435501801184
重庆电子通信,0.05161864421565465,0.051618643925377655
重庆仪器仪表,0.0002719772535097031,0.00027197725327223295
重庆其他制造产品,5.5146620008291056e-05,5.5146620035189685e-05
重庆废弃资源回收加工,1.3272781778284391e-05,1.327278177444795e-05
重庆电热生产供应,0.0004584628630252303,0.0004584628628974239
重庆燃气生产供应,5.259733749885159e-05,5.2597337577217426e-05
重庆水的生产供应,2.6274846855592236e-05,2.627484684698363e-05
重庆建筑业,0.00011606613291329338,0.00011606613305728728
重庆批发零售,0.001721149567083742,0.0017211495632425133
重庆运输邮政,0.0012817947279379824,0.0012817947289265384
重庆住宿餐饮,0.00044507364346154483,0.00044507364415725525
重庆金融,0.0017311093183585867,0.0017311093184697376
重庆房地产,0.0011775306666550237,0.0011775306699536453
重庆其他第三产业,0.003367895649866172,0.0033678956506062938
四川农业,0.0007808096392197437,0.0007808096403268499
四川煤炭开采,9.542988877277215e-05,9.542988902432606e-05
四川石油天然气,0.00013450883737676112,0.0001345088375831604
四川黑色金属采选,4.777297088356536e-05,4.777297097959425e-05
四川有色金属采选,3.339545716960501e-05,3.339545723254759e-05
四川非金属矿采选,0.00015564578854611078,0.00015564578857892654
四川食品加工,0.0004545443235004317,0.00045454432451873635
四川食品制造,0.00018846310822672084,0.00018846310869420185
四川饮料制造,0.0012016615620278322,0.0012016615637140842
四川烟草制品,0.00035092812149762606,0.0003509281204364433
四川纺织业,0.0002959121931911254,0.0002959121933771167
四川纺织服装服饰,0.00028273174288522094,0.0002827317431676166
四川皮革制品,0.00010827045715729943,0.00010827045731192125
四川木材加工,0.00014647640550633084,0.00014647640536054123
四川家具,0.0002470572896961931,0.00024705729019751876
四川造纸和纸制品,0.0011465218369389573,0.0011465218373618998
四川印刷复制品,0.0013040011645590124,0.0013040011674463731
四川文教体育用品,0.00016172332529692499,0.00016172332551210225
四川石油炼焦,0.0007246043726482388,0.0007246043737753177
四川化学制品,0.002948784551063423,0.0029487845483664125
四川医药制品,0.0018376051828215792,0.001837605187321567
四川化学纤维制品,2.8984834355450892e-05,2.8984834406651147e-05
四川橡胶塑料,0.0028891515360244388,0.0028891515291545157
四川非金属矿物,0.0032076913523414238,0.003207691344271536
四川黑色金属,0.0009922667353830018,0.0009922667363125807
四川有色金属,0.002240630104354718,0.0022406301036016086
四川金属制品,0.0026308758778935686,0.0026308758747341262
四川普通机械设备,0.0018061565623408498,0.001806156564251501
四川专用机械设备,0.002134244834033706,0.00213424482579513
四川交通运输,0.0013843247405486714,0.001384324743980234
四川电气机械,0.0056778388666714275,0.005677838856208568
四川电子通信,0.08537600265487087,0.08537600216246657
四川仪器仪表,0.0003843669399612559,0.0003843669394240464
四川其他制造产品,0.00038056870887221805,0.00038056870905145326
四川废弃资源回收加工,0.00021936537960028023,0.00021936537954458094
四川电热生产供应,0.003173860700466728,0.003173860699655843
四川燃气生产供应,0.00035701588201038906,0.00035701588255942194
四川水的生产供应,0.000200498843918531,0.00020049884386895143
四川建筑业,0.0009136768529453161,0.0009136768544987028
四川批发零售,0.007375085961004029,0.007375085943959664
四川运输邮政,0.006597561241464688,0.006597561246720874
四川住宿餐饮,0.0032680426809878946,0.003268042686221666
四川金融,0.008645424547219626,0.008645424547941738
四川房地产,0.0051788653900753795,0.005178865404787425
四川其他第三产业,0.019399000691675283,0.019399000695593246
贵州农业,0.0003247170438837337,0.00032471704429584263
贵州煤炭开采,7.381547282479341e-05,7.381547304349665e-05
贵州石油天然气,0.0,0.0
贵州黑色金属采选,4.777749011807044e-06,4.777749018181607e-06
贵州有色金属采选,5.964251822122069e-06,5.964251829972962e-06
贵州非金属矿采选,9.264160693201072e-05,9.264160699309498e-05
贵州食品加工,4.1368219658082665e-05,4.136821973327467e-05
贵州食品制造,1.811727565598716e-05,1.8117275695143052e-05
贵州饮料制造,0.0004335400575527091,0.00043354005825984584
贵州烟草制品,0.0004469055920089121,0.0004469055907723952
贵州纺织业,5.603823444699778e-06,5.603823448092761e-06
贵州纺织服装服饰,6.09932335716276e-05,6.0993233631794965e-05
贵州皮革制品,1.8697990245674956e-05,1.8697990270480313e-05
贵州木材加工,5.4600808947314e-05,5.460080889139085e-05
贵州家具,1.9144464934527488e-05,1.9144464972279133e-05
贵州造纸和纸制品,0.00021731341345758863,0.000217313413549581
贵州印刷复制品,0.0001351361110288998,0.00013513611132955913
贵州文教体育用品,4.692305718285499e-05,4.692305724311117e-05
贵州石油炼焦,9.4306467853722e-05,9.43064680029975e-05
贵州化学制品,0.0007249561065349788,0.0007249561060334701
贵州医药制品,0.00047733691279507935,0.00047733691395230395
贵州化学纤维制品,1.4587244971414733e-07,1.4587244990719805e-07
贵州橡胶塑料,0.0006025995408623067,0.0006025995394847356
贵州非金属矿物,0.0010639014206429757,0.0010639014182530467
贵州黑色金属,0.00023016927384147604,0.00023016927406528296
贵州有色金属,0.0012516719014862181,0.0012516719011626206
贵州金属制品,0.00042840772420581745,0.0004284077237214552
贵州普通机械设备,9.077624386939598e-05,9.07762439581055e-05
贵州专用机械设备,0.00016388353028649048,0.00016388352969435053
贵州交通运输,0.00031287436785488895,0.00031287436856978167
贵州电气机械,0.0009316614570324659,0.0009316614553331929
贵州电子通信,0.010394902661025818,0.010394902602362213
贵州仪器仪表,5.061388913269628e-05,5.061388906593084e-05
贵州其他制造产品,0.00015142394635557022,0.00015142394643702603
贵州废弃资源回收加工,1.824295074493347e-05,1.8242950740061703e-05
贵州电热生产供应,0.001360906078825334,0.0013609060784994405
贵州燃气生产供应,1.6425233822114082e-05,1.6425233847374512e-05
贵州水的生产供应,3.94910060524825e-05,3.949100604144442e-05
贵州建筑业,0.00016061082684034692,0.00016061082696600226
贵州批发零售,0.0019674144904849,0.0019674144858682855
贵州运输邮政,0.0036404135098360934,0.003640413512760912
贵州住宿餐饮,0.0012176731779292664,0.0012176731799291428
贵州金融,0.0018363734401484495,0.001836373440313092
贵州房地产,0.0006515659301964003,0.0006515659320411007
贵州其他第三产业,0.005533201707107037,0.005533201708422681
云南农业,0.0001961048140244562,0.00019610481427318315
云南煤炭开采,1.2215519319360409e-05,1.2215519354118912e-05
云南石油天然气,0.0,0.0
云南黑色金属采选,6.5403427846644525e-06,6.5403427941318965e-06
云南有色金属采选,1.9391951040894604e-05,1.9391951067669387e-05
云南非金属矿采选,1.5898741626757106e-05,1.5898741646650732e-05
云南食品加工,4.265439354478967e-05,4.2654393616590346e-05
云南食品制造,1.1895952377390225e-05,1.1895952402051235e-05
云南饮料制造,7.63434152041526e-05,7.634341534246344e-05
云南烟草制品,0.0007098279578914418,0.0007098279562148086
云南纺织业,3.965572567703068e-06,3.965572570507203e-06
云南纺织服装服饰,1.1966993626785331e-05,1.1966993638921772e-05
云南皮革制品,2.105065476333918e-06,2.1050654791361925e-06
云南木材加工,1.0528491278609926e-05,1.0528491271716343e-05
云南家具,1.2335019699444517e-06,1.2335019723716131e-06
云南造纸和纸制品,9.179053717078846e-05,9.17905372189937e-05
云南印刷复制品,0.00011773639208723345,0.00011773639234902363
云南文教体育用品,8.199069581786767e-05,8.199069592379572e-05
云南石油炼焦,5.757347461446429e-05,5.7573474704923434e-05
云南化学制品,0.000388622549747043,0.00038862254964828113
云南医药制品,0.00018968600132913174,0.00018968600177446184
云南化学纤维制品,1.040178783414273e-06,1.0401787846564494e-06
云南橡胶塑料,0.00023073455023382846,0.0002307345497532609
云南非金属矿物,0.00024841347267832883,0.00024841347223908866
云南黑色金属,0.00011408062351056973,0.0001140806236266302
云南有色金属,0.0012938594217234611,0.0012938594216148863
云南金属制品,0.00017376738434396788,0.00017376738417827938
云南普通机械设备,2.2470861243920164e-05,2.247086126844086e-05
云南专用机械设备,6.713327392690234e-05,6.713327372867835e-05
云南交通运输,6.613790171538721e-05,6.61379018487407e-05
云南电气机械,0.0002757686988578495,0.00027576869840610754
云南电子通信,0.0014938937118814393,0.0014938937037891147
云南仪器仪表,9.448239991623921e-05,9.44823998270648e-05
云南其他制造产品,1.7624737646603e-05,1.7624737659113174e-05
云南废弃资源回收加工,1.8785768173475517e-05,1.878576817050912e-05
云南电热生产供应,0.0007973595754601363,0.000797359575408264
云南燃气生产供应,1.3275516388817253e-05,1.3275516409782628e-05
云南水的生产供应,3.1350923592788135e-05,3.135092358789583e-05
云南建筑业,0.0001354827183226384,0.00013548271844526297
云南批发零售,0.0020483183577700223,0.002048318353565435
云南运输邮政,0.0006527092759663147,0.0006527092765774074
云南住宿餐饮,0.0007481041654872324,0.0007481041667683452
云南金融,0.0014981080300956028,0.0014981080304850643
云南房地产,0.0004916915408225015,0.0004916915422010586
云南其他第三产业,0.0043445210422958505,0.004344521044013678
西藏农业,5.905300236965698e-06,5.905300244176865e-06
西藏煤炭开采,0.0,0.0
西藏石油天然气,0.0,0.0
西藏黑色金属采选,7.92196550075722e-08,7.92196551198305e-08
西藏有色金属采选,2.664150658659368e-06,2.6641506625611727e-06
西藏非金属矿采选,1.0751976277372287e-08,1.075197629355424e-08
西藏食品加工,1.338670445649514e-07,1.338670447611757e-07
西藏食品制造,1.5574708418108377e-07,1.557470844773505e-07
西藏饮料制造,4.028813026224168e-06,4.028813033906177e-06
西藏烟草制品,0.0,0.0
西藏纺织业,7.872602799338499e-08,7.872602805955405e-08
西藏纺织服装服饰,6.761612432556108e-08,6.761612439726432e-08
西藏皮革制品,0.0,0.0
西藏木材加工,4.4998815438613104e-08,4.499881543215845e-08
西藏家具,0.0,0.0
西藏造纸和纸制品,1.9567878728716766e-06,1.9567878741912083e-06
西藏印刷复制品,2.337705644587911e-06,2.33770564969178e-06
西藏文教体育用品,6.768239270575169e-07,6.768239279368374e-07
西藏石油炼焦,0.0,0.0
西藏化学制品,4.713705642949465e-07,4.7137056445097665e-07
西藏医药制品,3.6642079479937832e-06,3.664207955927587e-06
西藏化学纤维制品,0.0,0.0
西藏橡胶塑料,4.648361067535601e-07,4.6483610596942797e-07
西藏非金属矿物,8.910910958792423e-06,8.910910949090092e-06
西藏黑色金属,4.645375248601764e-08,4.645375253125425e-08
西藏有色金属,0.0,0.0
西藏金属制品,1.806016843693407e-08,1.8060168425770102e-08
西藏普通机械设备,0.0,0.0
西藏专用机械设备,6.626192879262861e-08,6.626192866862366e-08
西藏交通运输,0.0,0.0
西藏电气机械,8.156964452425795e-07,8.156964442344475e-07
西藏电子通信,0.0,0.0
西藏仪器仪表,0.0,0.0
西藏其他制造产品,0.0,0.0
西藏废弃资源回收加工,0.0,0.0
西藏电热生产供应,6.16577407812624e-06,6.165774079242773e-06
西藏燃气生产供应,0.0,0.0
西藏水的生产供应,4.1726801483545075e-07,4.1726801484193124e-07
西藏建筑业,1.1334599153416183e-05,1.1334599163634907e-05
西藏批发零售,4.242055290216123e-05,4.24205528370389e-05
西藏运输邮政,2.629200496247292e-05,2.629200499111724e-05
西藏住宿餐饮,2.3084277681415775e-05,2.3084277722055827e-05
西藏金融,5.9328081033865583e-05,5.9328081062992146e-05
西藏房地产,2.2277340484476947e-05,2.2277340545261685e-05
西藏其他第三产业,0.00019254334479607718,0.0001925433449142594
陕西农业,0.0002232564349076557,0.00022325643518884304
陕西煤炭开采,9.612738915887147e-05,9.61273894224527e-05
陕西石油天然气,0.00016610288243405874,0.00016610288267588944
陕西黑色金属采选,1.2426927354159874e-05,1.2426927371646038e-05
陕西有色金属采选,4.214411294465244e-05,4.214411299777162e-05
陕西非金属矿采选,3.952845368212451e-05,3.952845371496184e-05
陕西食品加工,9.407435472481015e-05,9.407435489451515e-05
陕西食品制造,3.918915216338694e-05,3.918915224889097e-05
陕西饮料制造,0.00020550023162833504,0.0002055002319750527
陕西烟草制品,0.00020062019392882643,0.00020062019339955704
陕西纺织业,4.796842717884633e-05,4.7968427210321635e-05
陕西纺织服装服饰,4.897732058356545e-05,4.897732063245436e-05
陕西皮革制品,5.869545036309572e-06,5.869545044118987e-06
陕西木材加工,1.3815258412385537e-05,1.3815258400497858e-05
陕西家具,1.2339059113284537e-05,1.2339059137578718e-05
陕西造纸和纸制品,0.0002586217669172304,0.0002586217670353184
陕西印刷复制品,0.0002403511213950721,0.00024035112192828054
陕西文教体育用品,6.867094021203711e-05,6.867094030049679e-05
陕西石油炼焦,0.000633043228795182,0.0006330432297828544
陕西化学制品,0.0008245024697049711,0.0008245024693101372
陕西医药制品,0.0005215951059934438,0.0005215951072331382
陕西化学纤维制品,1.343802310345875e-06,1.3438023120439772e-06
陕西橡胶塑料,0.0009258656149192941,0.0009258656128760517
陕西非金属矿物,0.0008011982700776606,0.0008011982684258776
陕西黑色金属,0.0002507482182057963,0.000250748218447773
陕西有色金属,0.002316575654124386,0.0023165756536661954
陕西金属制品,0.0005019220933597659,0.0005019220928292681
陕西普通机械设备,0.00027717930809902384,0.0002771793083798079
陕西专用机械设备,0.0005931192284696393,0.0005931192264940164
陕西交通运输,0.0011301676160772101,0.0011301676184942808
陕西电气机械,0.0024958617212910168,0.0024958617169463094
陕西电子通信,0.015034529756734588,0.01503452967305334
陕西仪器仪表,0.00038571407042694336,0.0003857140699934818
陕西其他制造产品,5.240589093256362e-05,5.2405890963711585e-05
陕西废弃资源回收加工,6.458131551195321e-06,6.458131549660978e-06
陕西电热生产供应,0.001131783319054602,0.0011317833188481668
陕西燃气生产供应,8.968521719718013e-05,8.968521733597728e-05
陕西水的生产供应,3.759268323530231e-05,3.759268322626483e-05
陕西建筑业,0.00022295641337235591,0.00022295641355858775
陕西批发零售,0.003250923940664298,0.0032509239333965516
陕西运输邮政,0.0021827088826610564,0.0021827088844988242
陕西住宿餐饮,0.001046450105709522,0.001046450107444232
陕西金融,0.0023544297605087475,0.002354429760847792
陕西房地产,0.0015932067002344039,0.001593206704722775
陕西其他第三产业,0.0064676500110707105,0.00646765001293293
甘肃农业,5.730412150664493e-05,5.7304121577571956e-05
甘肃煤炭开采,7.89000381487169e-06,7.890003834730225e-06
甘肃石油天然气,3.949330547313768e-05,3.9493305528595184e-05
甘肃黑色金属采选,2.701582531179887e-06,2.7015825350775865e-06
甘肃有色金属采选,6.4200317563502845e-06,6.4200317660215635e-06
甘肃非金属矿采选,5.9278690038491394e-06,5.927869012934623e-06
甘肃食品加工,1.6475364820133064e-05,1.6475364845300128e-05
甘肃食品制造,2.4965300324622338e-06,2.4965300373035433e-06
甘肃饮料制造,2.7216697877395302e-05,2.7216697930048375e-05
甘肃烟草制品,5.86430253213822e-05,5.8643025212508826e-05
甘肃纺织业,2.14250002669262e-06,2.142500028433669e-06
甘肃纺织服装服饰,3.864856654592049e-06,3.864856658641144e-06
甘肃皮革制品,1.11240483473007e-06,1.1124048362053512e-06
甘肃木材加工,1.3398009453723351e-07,1.3398009449334493e-07
甘肃家具,6.912473927758446e-07,6.912473941226602e-07
甘肃造纸和纸制品,1.3880092290735834e-05,1.3880092299613085e-05
甘肃印刷复制品,1.3848431761013178e-05,1.3848431791592275e-05
甘肃文教体育用品,2.1665631870013134e-06,2.166563189815608e-06
甘肃石油炼焦,0.00015003649590062906,0.00015003649612897271
甘肃化学制品,9.341380616110235e-05,9.341380617967865e-05
甘肃医药制品,5.2242809379846774e-05,5.22428094965974e-05
甘肃化学纤维制品,2.8653273490122542e-08,2.8653273522644772e-08
甘肃橡胶塑料,9.169583784656693e-05,9.16958376809717e-05
甘肃非金属矿物,0.00010975143074570455,0.00010975143060993302
甘肃黑色金属,3.850457396810125e-05,3.850457400698311e-05
甘肃有色金属,0.0008875025237567826,0.0008875025238698978
甘肃金属制品,0.00010016290141459854,0.00010016290134238724
甘肃普通机械设备,1.9615024388859863e-05,1.9615024411985547e-05
甘肃专用机械设备,4.5627954502545744e-05,4.562795440402862e-05
甘肃交通运输,1.1702343044230735e-05,1.1702343064497551e-05
甘肃电气机械,0.00019940382574849634,0.0001994038254731107
甘肃电子通信,0.0009278750990445232,0.0009278750942846454
甘肃仪器仪表,4.233755735628878e-06,4.233755733638962e-06
甘肃其他制造产品,3.8720415879399754e-05,3.8720415913785246e-05
甘肃废弃资源回收加工,6.85184852963495e-06,6.851848529255357e-06
甘肃电热生产供应,0.00024684950992605044,0.00024684950996000505
甘肃燃气生产供应,8.748467421791712e-06,8.748467435946525e-06
甘肃水的生产供应,5.967207877420482e-06,5.967207877372375e-06
甘肃建筑业,3.224204475443448e-05,3.224204478427133e-05
甘肃批发零售,0.000446784323400862,0.0004467843226483083
甘肃运输邮政,0.0003183111496084271,0.0003183111499482654
甘肃住宿餐饮,0.0002099295667657996,0.0002099295671381206
甘肃金融,0.000424189738559215,0.00042418973874908713
甘肃房地产,0.00024699239232518755,0.0002469923930066417
甘肃其他第三产业,0.00147252240699626,0.0014725224078459337
青海农业,1.0140831677109853e-05,1.0140831689449783e-05
青海煤炭开采,5.354695682016217e-07,5.354695694645284e-07
青海石油天然气,9.536524053856359e-06,9.536524066884676e-06
青海黑色金属采选,9.18487625898284e-08,9.184876272144435e-08
青海有色金属采选,3.765113897401131e-06,3.7651139030509604e-06
青海非金属矿采选,1.6971220926175367e-06,1.6971220955471653e-06
青海食品加工,2.954232285031252e-06,2.9542322892192284e-06
青海食品制造,8.25268019339432e-07,8.252680208491585e-07
青海饮料制造,7.4536893516842e-06,7.45368936662799e-06
青海烟草制品,0.0,0.0
青海纺织业,2.1234282329967704e-06,2.1234282348939247e-06
青海纺织服装服饰,9.694425202212123e-06,9.694425212739777e-06
青海皮革制品,0.0,0.0
青海木材加工,0.0,0.0
青海家具,3.273649666780318e-07,3.273649673069012e-07
青海造纸和纸制品,1.5632822385571436e-07,1.5632822397581328e-07
青海印刷复制品,4.824869202264012e-06,4.824869212792166e-06
青海文教体育用品,1.3251365060163233e-05,1.325136507747573e-05
青海石油炼焦,1.8535916762436372e-06,1.8535916789487468e-06
青海化学制品,8.703480280515094e-05,8.70348028520427e-05
青海医药制品,1.6523348800808624e-05,1.6523348835872305e-05
青海化学纤维制品,0.0,0.0
青海橡胶塑料,2.366966353094001e-06,2.366966349608493e-06
青海非金属矿物,3.00877959211953e-05,3.0087795899653192e-05
青海黑色金属,1.2612056176191329e-05,1.261205618878624e-05
青海有色金属,0.0002084093780487812,0.00020840937813206256
青海金属制品,7.933683887582217e-06,7.933683883965832e-06
青海普通机械设备,3.5239532268414387e-06,3.5239532312101615e-06
青海专用机械设备,3.1638859404759365e-06,3.163885936132986e-06
青海交通运输,1.854061785694535e-06,1.854061788496536e-06
青海电气机械,0.00010383049754654787,0.00010383049743570993
青海电子通信,4.1577586279494216e-05,4.157758608316901e-05
青海仪器仪表,2.560089818190307e-06,2.560089818188993e-06
青海其他制造产品,2.441261907964367e-07,2.4412619105646634e-07
青海废弃资源回收加工,0.0,0.0
青海电热生产供应,7.907302525913633e-05,7.907302528736044e-05
青海燃气生产供应,5.003278164782637e-07,5.00327817303528e-07
青海水的生产供应,9.083001180239867e-07,9.08300118162589e-07
青海建筑业,8.8239919596808e-06,8.823991968580414e-06
青海批发零售,7.558187687394004e-05,7.558187677919945e-05
青海运输邮政,6.311893053429686e-05,6.31189306106003e-05
青海住宿餐饮,2.5374601798752136e-05,2.5374601845016926e-05
青海金融,0.00011657031664467484,0.0001165703167207511
青海房地产,3.215313268404899e-05,3.215313277090078e-05
青海其他第三产业,0.00022037679830874636,0.00022037679847803054
宁夏农业,1.1161416830290962e-05,1.1161416843384078e-05
宁夏煤炭开采,8.530122226289417e-06,8.530122244307041e-06
宁夏石油天然气,1.1078181978749516e-07,1.1078181993168751e-07
宁夏黑色金属采选,2.855289387016064e-07,2.855289390845279e-07
宁夏有色金属采选,0.0,0.0
宁夏非金属矿采选,3.4519845060025735e-07,3.451984510751808e-07
宁夏食品加工,3.5829625700881696e-06,3.5829625749986775e-06
宁夏食品制造,2.8892185243849596e-06,2.8892185296369777e-06
宁夏饮料制造,5.888847934966387e-06,5.8888479459585804e-06
宁夏烟草制品,4.589345671852716e-06,4.589345665056042e-06
宁夏纺织业,1.596450082675854e-05,1.5964500840708558e-05
宁夏纺织服装服饰,9.484086443739392e-07,9.484086453899469e-07
宁夏皮革制品,8.27660147643457e-07,8.276601487248478e-07
宁夏木材加工,6.951320053969337e-07,6.951320053670339e-07
宁夏家具,9.794731014379288e-07,9.794731032930531e-07
宁夏造纸和纸制品,7.930953595558873e-06,7.930953601078936e-06
宁夏印刷复制品,8.583817722404416e-06,8.583817740811194e-06
宁夏文教体育用品,3.8119352162097897e-07,3.8119352211487546e-07
宁夏石油炼焦,6.692543101988444e-05,6.692543111303056e-05
宁夏化学制品,0.00010472427016511745,0.00010472427021464056
宁夏医药制品,1.3337022034143764e-05,1.333702206170089e-05
宁夏化学纤维制品,0.0,0.0
宁夏橡胶塑料,1.736272720742537e-05,1.7362727180446196e-05
宁夏非金属矿物,2.1587126749664555e-05,2.158712672953259e-05
宁夏黑色金属,1.956611287305338e-05,1.9566112890981162e-05
宁夏有色金属,9.154996988419367e-05,9.154996991312184e-05
宁夏金属制品,1.9521778502247586e-05,1.95217784921982e-05
宁夏普通机械设备,1.0388838833160869e-05,1.038883884503136e-05
宁夏专用机械设备,1.2516647120584442e-05,1.251664710084312e-05
宁夏交通运输,2.9633058015868606e-07,2.9633058059677684e-07
宁夏电气机械,7.53533292428789e-05,7.535332916013136e-05
宁夏电子通信,0.0,0.0
宁夏仪器仪表,1.9263247498920208e-05,1.926324749907949e-05
宁夏其他制造产品,1.5351683861201813e-07,1.535168387560667e-07
宁夏废弃资源回收加工,3.856451994714145e-06,3.856451994733415e-06
宁夏电热生产供应,0.00011758783956440763,0.00011758783959105504
宁夏燃气生产供应,8.203228506412408e-06,8.203228519491937e-06
宁夏水的生产供应,3.1914889821396197e-06,3.191488982265006e-06
宁夏建筑业,1.0962369784212197e-05,1.0962369794034879e-05
宁夏批发零售,7.04336521777588e-05,7.043365207942982e-05
宁夏运输邮政,0.00011482313640428875,0.00011482313652988395
宁夏住宿餐饮,2.951465561920273e-05,2.951465567042111e-05
宁夏金融,0.00012990913236068832,0.0001299091324282439
宁夏房地产,6.20622599283648e-05,6.206226009527194e-05
宁夏其他第三产业,0.0002880044903507853,0.0002880044905370275
新疆农业,7.120045180137602e-05,7.120045188587686e-05
新疆煤炭开采,5.009333449498355e-06,5.009333460216956e-06
新疆石油天然气,4.23523046223137e-05,4.235230467861439e-05
新疆黑色金属采选,2.3174875802532752e-06,2.317487583388659e-06
新疆有色金属采选,6.15616087248702e-06,6.156160880791969e-06
新疆非金属矿采选,1.6073066675050857e-06,1.6073066695578182e-06
新疆食品加工,1.548446230789536e-05,1.5484462329948678e-05
新疆食品制造,4.3953528684608325e-06,4.395352876758042e-06
新疆饮料制造,1.8741782870177677e-05,1.8741782904161614e-05
新疆烟草制品,1.0166177397537272e-05,1.016617738081035e-05
新疆纺织业,1.6374358802432945e-05,1.637435881622898e-05
新疆纺织服装服饰,1.0645968971892085e-05,1.0645968983160051e-05
新疆皮革制品,4.762700647684727e-07,4.7627006539149533e-07
新疆木材加工,1.1630358819937852e-06,1.1630358818391462e-06
新疆家具,6.309821372429305e-07,6.309821384449465e-07
新疆造纸和纸制品,2.4070059725127013e-05,2.4070059740640655e-05
新疆印刷复制品,3.7964272874369315e-06,3.796427295617319e-06
新疆文教体育用品,3.6825163142267715e-06,3.6825163189931186e-06
新疆石油炼焦,0.00015996225348306623,0.0001599622537089048
新疆化学制品,0.00018927848325885998,0.00018927848332396988
新疆医药制品,1.077813458065402e-05,1.0778134603409632e-05
新疆化学纤维制品,6.602145989892473e-06,6.602145997094979e-06
新疆橡胶塑料,8.73829904962582e-05,8.738299034838691e-05
新疆非金属矿物,9.001795910964015e-05,9.001795900419042e-05
新疆黑色金属,3.3404055542915726e-05,3.340405557338314e-05
新疆有色金属,0.00038091170555856193,0.0003809117056407258
新疆金属制品,4.138989428643832e-05,4.138989426100324e-05
新疆普通机械设备,2.9667757221900767e-06,2.966775725495236e-06
新疆专用机械设备,1.0371811473762166e-05,1.0371811454221687e-05
新疆交通运输,5.450837148903539e-07,5.450837157289167e-07
新疆电气机械,0.0004943310207584653,0.0004943310201638153
新疆电子通信,2.0813634834089667e-05,2.0813634730297638e-05
新疆仪器仪表,7.017577288875761e-07,7.017577287955451e-07
新疆其他制造产品,0.0,0.0
新疆废弃资源回收加工,1.8565272699517955e-06,1.8565272698703182e-06
新疆电热生产供应,0.0002401079411600416,0.00024010794119034111
新疆燃气生产供应,1.5694257444991597e-05,1.5694257469712047e-05
新疆水的生产供应,7.570367085025275e-06,7.570367084762035e-06
新疆建筑业,3.104956291708327e-05,3.104956294392055e-05
新疆批发零售,0.0003639568598183656,0.00036395685924791584
新疆运输邮政,0.0004621811345968067,0.00046218113507361737
新疆住宿餐饮,0.00010966268975256433,0.00010966268993983796
新疆金融,0.0003096927143092126,0.00030969271444264754
新疆房地产,0.00019895189285456136,0.00019895189339394522
新疆其他第三产业,0.0010725412805165225,0.001072541281118439
